Day_of_week,Age_band_of_driver,Sex_of_driver,Educational_level,Vehicle_driver_relation,Driving_experience,Type_of_vehicle,Owner_of_vehicle,Service_year_of_vehicle,Defect_of_vehicle,Area_accident_occured,Lanes_or_Medians,Road_allignment,Types_of_Junction,Road_surface_type,Road_surface_conditions,Light_conditions,Weather_conditions,Type_of_collision,Number_of_vehicles_involved,Number_of_casualties,Vehicle_movement,Casualty_class,Sex_of_casualty,Age_band_of_casualty,Casualty_severity,Work_of_casuality,Fitness_of_casuality,Pedestrian_movement,Cause_of_accident,Accident_severity
Wednesday,Unknown,Male,High school,Owner,5-10yr,Pick up upto 10Q,Owner,Unknown,,Residential areas,Two-way (divided with broken lines road marking),Tangent road with flat terrain,Crossing,Asphalt roads,Dry,Daylight,Normal,Collision with roadside objects,2,1,Going straight,na,na,na,na,Driver,,Not a Pedestrian,No priority to pedestrian,Slight Injury
Wednesday,Over 51,Male,High school,Owner,2-5yr,Lorry (41?100Q),Owner,Unknown,No defect,School areas,Undivided Two way,Tangent road with flat terrain,No junction,Asphalt roads,Wet or damp,Darkness - lights lit,Other,Vehicle with vehicle collision,2,3,Going straight,Pedestrian,Male,Under 18,2,Employee,Normal,Not a Pedestrian,No priority to vehicle,Slight Injury
Thursday,18-30,Unknown,Junior high school,Employee,Below 1yr,Other,Governmental,Unknown,,Residential areas,Two-way (divided with broken lines road marking),Tangent road with flat terrain,Y Shape,Asphalt roads,Wet or damp,Darkness - lights lit,Normal,Vehicle with vehicle collision,2,2,Going straight,Driver or rider,Male,31-50,3,Driver,Normal,Not a Pedestrian,No distancing,Slight Injury
Friday,31-50,Male,Above high school,Other,2-5yr,Lorry (11?40Q),Owner,Unknown,No defect,Office areas,Undivided Two way,Tangent road with flat terrain,,Asphalt roads,Dry,Daylight,Normal,Vehicle with vehicle collision,2,1,Going straight,Driver or rider,Male,31-50,3,Employee,Normal,Not a Pedestrian,Changing lane to the right,Slight Injury
Tuesday,18-30,Male,Elementary school,Employee,2-5yr,Turbo,Owner,Above 10yr,No defect, Church areas,Two-way (divided with broken lines road marking),Tangent road with flat terrain,Y Shape,Asphalt roads,Dry,Darkness - lights lit,Normal,Vehicle with vehicle collision,1,1,Going straight,Passenger,Female,31-50,3,,,Not a Pedestrian,Drunk driving,Slight Injury
Sunday,31-50,Male,Junior high school,Employee,Above 10yr,Automobile,Owner,5-10yrs,,Residential areas,Undivided Two way,Tangent road with flat terrain,,Asphalt roads,Dry,Daylight,Normal,Vehicle with vehicle collision,2,1,Going straight,na,na,na,na,Driver,Normal,Not a Pedestrian,No priority to vehicle,Slight Injury
Wednesday,Over 51,Male,Elementary school,Employee,1-2yr,Automobile,Owner,2-5yrs,,Other,Undivided Two way,Tangent road with flat terrain,No junction,Asphalt roads,Dry,Daylight,Normal,Vehicle with vehicle collision,2,2,Going straight,Passenger,Female,Under 18,3,,Normal,Not a Pedestrian,No distancing,Slight Injury
Saturday,Unknown,Male,Junior high school,Employee,5-10yr,Automobile,Owner,Above 10yr,No defect,Residential areas,other,Tangent road with flat terrain,No junction,Asphalt roads,Dry,Daylight,Normal,Vehicle with vehicle collision,2,1,Reversing,Driver or rider,Male,18-30,2,Driver,Normal,Not a Pedestrian,Changing lane to the right,Serious Injury
Tuesday,18-30,Male,Junior high school,Employee,2-5yr,Other,Owner,Above 10yr,No defect,School areas,other,Tangent road with flat terrain,Y Shape,Asphalt roads,Dry,Daylight,Normal,Collision with roadside objects,2,2,Going straight,Driver or rider,Male,18-30,3,Driver,Normal,Not a Pedestrian,Moving Backward,Slight Injury
Sunday,Over 51,Male,Elementary school,Owner,5-10yr,Public (> 45 seats),Owner,1-2yr,,School areas,Undivided Two way,Tangent road with flat terrain,Y Shape,Asphalt roads,Dry,Daylight,Normal,Vehicle with vehicle collision,2,1,Moving Backward,Pedestrian,Male,18-30,2,Self-employed,Normal,Not a Pedestrian,Changing lane to the right,Slight Injury
Friday,31-50,Male,Junior high school,Employee,Above 10yr,Automobile,Owner,,No defect,Other,Two-way (divided with broken lines road marking),Tangent road with flat terrain,Y Shape,Gravel roads,Dry,Darkness - lights lit,Normal,Vehicle with vehicle collision,2,1,Moving Backward,Driver or rider,Male,31-50,2,Driver,Normal,Not a Pedestrian,No priority to vehicle,Slight Injury
Monday,18-30,Male,High school,Owner,Above 10yr,Automobile,Owner,Unknown,No defect,Office areas,Double carriageway (median),Gentle horizontal curve,Y Shape,Asphalt roads,Dry,Daylight,Normal,Collision with roadside objects,1,2,Moving Backward,Pedestrian,Male,18-30,3,Self-employed,Normal,Crossing from nearside - masked by parked or statioNot a Pedestrianry vehicle,No priority to vehicle,Slight Injury
Monday,31-50,Male,Junior high school,Employee,2-5yr,Other,Owner,5-10yrs,,Office areas,Two-way (divided with broken lines road marking),Tangent road with flat terrain,Crossing,Asphalt roads,Dry,Daylight,Normal,Rollover,2,2,Reversing,Driver or rider,Female,18-30,3,,,Not a Pedestrian,Changing lane to the right,Slight Injury
Monday,31-50,Male,Junior high school,Employee,Below 1yr,Long lorry,Owner,,No defect,Office areas,other,Tangent road with flat terrain,Other,Asphalt roads,Dry,Daylight,Unknown,Vehicle with vehicle collision,1,1,Going straight,Driver or rider,Male,18-30,3,Driver,Normal,Not a Pedestrian,No distancing,Slight Injury
Thursday,18-30,Male,Junior high school,Employee,2-5yr,,Owner,,,Office areas,Two-way (divided with broken lines road marking),Tangent road with flat terrain,Crossing,Asphalt roads,Dry,Darkness - lights lit,Normal,Collision with animals,2,1,Going straight,Driver or rider,Male,31-50,3,Self-employed,Normal,Not a Pedestrian,No priority to vehicle,Slight Injury
Monday,Over 51,Male,Elementary school,Employee,2-5yr,,Owner,,,Other,One way,Tangent road with flat terrain,,Asphalt roads,Dry,Darkness - lights lit,Normal,Vehicle with vehicle collision,3,3,Going straight,na,na,na,na,Driver,Normal,Not a Pedestrian,Changing lane to the right,Slight Injury
Tuesday,31-50,Male,Junior high school,Employee,2-5yr,Public (> 45 seats),Owner,Unknown,No defect, Church areas,Undivided Two way,Tangent road with flat terrain,No junction,Asphalt roads,Dry,Darkness - lights lit,Normal,Vehicle with vehicle collision,1,1,Getting off,Passenger,Female,31-50,3,Driver,Normal,Not a Pedestrian,Changing lane to the left,Slight Injury
Sunday,Over 51,Male,Junior high school,Employee,1-2yr,Automobile,Owner,5-10yrs,,Office areas,,Tangent road with flat terrain,No junction,Asphalt roads,Wet or damp,Darkness - lights lit,Raining,Vehicle with vehicle collision,2,3,Going straight,na,na,na,na,Driver,Normal,Not a Pedestrian,No distancing,Serious Injury
Friday,18-30,Male,Junior high school,Employee,No Licence,Other,Owner,,,Office areas,Two-way (divided with broken lines road marking),Tangent road with flat terrain,No junction,Asphalt roads,Wet or damp,Daylight,Normal,Collision with roadside objects,2,2,Going straight,na,na,na,na,,,Not a Pedestrian,No distancing,Slight Injury
Tuesday,Under 18,Male,Junior high school,Employee,Above 10yr,Automobile,Owner,Above 10yr,No defect,Office areas,other,Tangent road with flat terrain,Y Shape,Asphalt roads,Wet or damp,Daylight,Raining,Collision with roadside objects,3,1,Moving Backward,Driver or rider,Male,18-30,3,,,Not a Pedestrian,Changing lane to the left,Slight Injury
Wednesday,18-30,Male,Junior high school,Employee,Above 10yr,Other,Owner,2-5yrs,No defect,Residential areas,One way,Tangent road with flat terrain,Crossing,Asphalt roads,Dry,Daylight,Normal,Vehicle with vehicle collision,2,1,Moving Backward,Passenger,Female,Under 18,3,Employee,Normal,Not a Pedestrian,Overspeed,Slight Injury
Sunday,18-30,Male,Junior high school,Employee,1-2yr,,Owner,,,Office areas,One way,Tangent road with flat terrain,Y Shape,Asphalt roads,Dry,Daylight,Normal,Vehicle with vehicle collision,2,2,Other,na,na,na,na,Driver,Normal,Not a Pedestrian,No priority to vehicle,Slight Injury
Monday,18-30,Male,Junior high school,Employee,5-10yr,Automobile,Owner,1-2yr,No defect,Other,other,Tangent road with flat terrain,Y Shape,Asphalt roads,Wet or damp,Darkness - lights lit,Raining,Vehicle with vehicle collision,2,1,Going straight,Driver or rider,Female,18-30,3,Driver,Normal,Not a Pedestrian,Moving Backward,Slight Injury
Thursday,31-50,Male,Junior high school,Employee,Above 10yr,Lorry (41?100Q),Owner,2-5yrs,No defect,Other,Two-way (divided with broken lines road marking),Tangent road with flat terrain,No junction,Other,Dry,Daylight,Normal,Collision with roadside objects,2,5,Other,na,na,na,na,Driver,Normal,Not a Pedestrian,Changing lane to the right,Slight Injury
Wednesday,Over 51,Male,Elementary school,Other,5-10yr,Automobile,Owner,,,School areas,Two-way (divided with broken lines road marking),Tangent road with flat terrain,Y Shape,Asphalt roads,Dry,Daylight,Unknown,Vehicle with vehicle collision,2,1,Going straight,Driver or rider,Female,31-50,3,Driver,Normal,Not a Pedestrian,No distancing,Slight Injury
Monday,18-30,Male,Junior high school,Employee,Above 10yr,Stationwagen,Governmental,Above 10yr,No defect,Other,Two-way (divided with broken lines road marking),Tangent road with flat terrain,Y Shape,Asphalt roads,Dry,Daylight,Normal,Vehicle with vehicle collision,2,2,Going straight,na,na,na,na,Driver,Normal,Not a Pedestrian,No priority to vehicle,Slight Injury
Friday,18-30,Male,Above high school,Employee,5-10yr,Pick up upto 10Q,Owner,,,Office areas,Two-way (divided with broken lines road marking),Tangent road with flat terrain,No junction,Asphalt roads,Dry,Darkness - lights lit,Normal,Collision with pedestrians,2,1,Going straight,Passenger,Female,Over 51,3,Driver,Normal,Not a Pedestrian,Changing lane to the left,Serious Injury
Saturday,31-50,Male,Elementary school,Employee,2-5yr,Public (12 seats),Owner,Above 10yr,No defect,School areas,Undivided Two way,Tangent road with flat terrain,Y Shape,Asphalt roads,Dry,Daylight,Normal,Vehicle with vehicle collision,2,1,Going straight,Driver or rider,Male,18-30,3,Other,Normal,Not a Pedestrian,Driving carelessly,Slight Injury
Monday,18-30,Male,Junior high school,Employee,2-5yr,Taxi,Owner,2-5yrs,No defect,Other,Two-way (divided with broken lines road marking),Escarpments,O Shape,Asphalt roads,Dry,Daylight,Normal,Vehicle with vehicle collision,3,1,Going straight,Driver or rider,Male,18-30,3,Employee,Normal,Not a Pedestrian,No distancing,Slight Injury
Thursday,18-30,Male,Above high school,Employee,1-2yr,Automobile,Owner,2-5yrs,No defect,Other,Undivided Two way,Tangent road with flat terrain,Y Shape,Earth roads,Wet or damp,Darkness - lights lit,Windy,Collision with pedestrians,2,1,Unknown,Driver or rider,Male,18-30,3,Employee,Normal,Not a Pedestrian,Other,Slight Injury
Sunday,31-50,Male,Elementary school,Employee,2-5yr,Lorry (41?100Q),Owner,,No defect,Other,Two-way (divided with broken lines road marking),Tangent road with flat terrain,Crossing,Asphalt roads,Dry,Daylight,Normal,Vehicle with vehicle collision,2,1,Going straight,Passenger,Male,31-50,3,Driver,Normal,Not a Pedestrian,No distancing,Slight Injury
Saturday,18-30,Male,Junior high school,Employee,2-5yr,Lorry (41?100Q),Owner,Unknown,No defect,Office areas,Undivided Two way,Tangent road with flat terrain,Y Shape,Asphalt roads,Dry,Daylight,Normal,Vehicle with vehicle collision,3,4,Moving Backward,na,na,na,na,,,Not a Pedestrian,Driving carelessly,Slight Injury
Thursday,Unknown,Female,Junior high school,Employee,2-5yr,Lorry (41?100Q),Owner,,No defect, Church areas,Double carriageway (median),Tangent road with flat terrain,Y Shape,Asphalt roads,Wet or damp,Darkness - lights lit,Normal,Vehicle with vehicle collision,4,3,Moving Backward,Driver or rider,Male,18-30,2,Driver,Normal,Not a Pedestrian,No distancing,Slight Injury
Saturday,Unknown,Male,Junior high school,Employee,2-5yr,,Owner,Unknown,No defect, Industrial areas,Undivided Two way,Tangent road with flat terrain,Y Shape,Asphalt roads,Dry,Daylight,Normal,Rollover,3,4,Going straight,Pedestrian,Male,Over 51,3,Driver,Normal,Crossing from driver's nearside,No priority to pedestrian,Slight Injury
Thursday,31-50,Male,Elementary school,Employee,5-10yr,Lorry (41?100Q),Owner,,,Office areas,Undivided Two way,Tangent road with flat terrain,Crossing,,Wet or damp,Daylight,Normal,Collision with roadside objects,2,1,Going straight,Driver or rider,Male,Under 18,2,Driver,Normal,Not a Pedestrian,Other,Slight Injury
Tuesday,18-30,Male,Elementary school,Employee,5-10yr,Stationwagen,Owner,2-5yrs,No defect,Other,One way,Tangent road with flat terrain,Y Shape,Asphalt roads,Dry,Darkness - lights lit,Unknown,Vehicle with vehicle collision,2,1,Reversing,na,na,na,na,Driver,Normal,Not a Pedestrian,No distancing,Slight Injury
Wednesday,18-30,Male,Junior high school,Employee,2-5yr,Lorry (41?100Q),Owner,2-5yrs,,Other,Two-way (divided with broken lines road marking),Tangent road with flat terrain,Y Shape,Asphalt roads,Dry,Daylight,Normal,Collision with roadside objects,2,3,Going straight,Driver or rider,Female,18-30,3,Driver,Normal,Not a Pedestrian,Moving Backward,Slight Injury
Sunday,31-50,Male,Junior high school,Employee,5-10yr,Automobile,Owner,Unknown,No defect,Other,Two-way (divided with broken lines road marking),Tangent road with flat terrain,No junction,Asphalt roads,Dry,Darkness - lights lit,Normal,Collision with pedestrians,2,2,Going straight,Driver or rider,Male,18-30,3,Other,Normal,Not a Pedestrian,No priority to vehicle,Slight Injury
Thursday,31-50,Male,Junior high school,Employee,2-5yr,Other,Owner,2-5yrs,,Residential areas,One way,Steep grade downward with mountainous terrain,Other,Asphalt roads,Dry,Daylight,Normal,Collision with pedestrians,2,1,Going straight,na,na,na,na,Driver,Normal,Not a Pedestrian,No priority to vehicle,Slight Injury
Saturday,31-50,Male,Elementary school,Employee,1-2yr,Automobile,Owner,Unknown,No defect, Industrial areas,Two-way (divided with broken lines road marking),Tangent road with flat terrain,Crossing,Asphalt roads,Wet or damp,Daylight,Other,Collision with roadside objects,2,3,Going straight,Passenger,Female,5,3,Driver,Normal,Not a Pedestrian,Overtaking,Slight Injury
Saturday,31-50,Male,Junior high school,Employee,5-10yr,,Owner,2-5yrs,No defect,School areas,Undivided Two way,Tangent road with flat terrain,No junction,Asphalt roads,Dry,Daylight,Normal,Vehicle with vehicle collision,2,1,Other,na,na,na,na,Driver,Normal,Not a Pedestrian,Changing lane to the right,Slight Injury
Wednesday,18-30,Male,Junior high school,Employee,5-10yr,,,,No defect,Other,Two-way (divided with broken lines road marking),Tangent road with flat terrain,Y Shape,Asphalt roads,Dry,Darkness - lights lit,Normal,Rollover,2,2,Turnover,Driver or rider,Female,18-30,3,Driver,Normal,Not a Pedestrian,No priority to vehicle,Slight Injury
Thursday,31-50,Male,Unknown,Owner,Above 10yr,Automobile,Owner,,,Other,Two-way (divided with broken lines road marking),,No junction,Asphalt roads,Dry,Daylight,Cloudy,Vehicle with vehicle collision,2,1,Turnover,na,na,na,na,Driver,Normal,Not a Pedestrian,Changing lane to the left,Slight Injury
Thursday,31-50,Male,Junior high school,Employee,1-2yr,Lorry (41?100Q),Owner,Unknown,No defect,Office areas,Undivided Two way,Tangent road with flat terrain,Crossing,Asphalt roads,Dry,Darkness - lights lit,Normal,Collision with pedestrians,1,1,Going straight,na,na,na,na,Other,Normal,Not a Pedestrian,No distancing,Slight Injury
Tuesday,18-30,Male,Junior high school,Employee,Above 10yr,Bajaj,Owner,1-2yr,,Office areas,Undivided Two way,Tangent road with flat terrain,Y Shape,Asphalt roads,Wet or damp,Daylight,Raining,Vehicle with vehicle collision,3,1,Moving Backward,Driver or rider,Female,31-50,2,Driver,Normal,Not a Pedestrian,Driving carelessly,Slight Injury
Monday,18-30,Male,,,,,,,, Church areas,Two-way (divided with broken lines road marking),Tangent road with flat terrain,Y Shape,Asphalt roads,Dry,Daylight,Normal,Vehicle with vehicle collision,4,1,Going straight,Pedestrian,Female,Under 18,3,,,Unknown or other,Moving Backward,Slight Injury
Saturday,Over 51,Male,Junior high school,Employee,5-10yr,Taxi,Owner,,No defect,Other,Two-way (divided with broken lines road marking),Tangent road with flat terrain,Y Shape,Asphalt roads,Dry,Daylight,Normal,Vehicle with vehicle collision,2,3,Going straight,na,na,na,na,Unknown,Normal,Not a Pedestrian,No distancing,Slight Injury
Sunday,31-50,Male,Above high school,Employee,5-10yr,Lorry (41?100Q),,,No defect,Other,Two-way (divided with broken lines road marking),Tangent road with flat terrain,X Shape,Asphalt roads,Dry,Daylight,Normal,Vehicle with vehicle collision,2,1,Going straight,Driver or rider,Female,18-30,3,,,Not a Pedestrian,No priority to vehicle,Slight Injury
Wednesday,18-30,Male,High school,Employee,Above 10yr,Public (> 45 seats),Governmental,2-5yrs,,Residential areas,Two-way (divided with broken lines road marking),,Y Shape,Asphalt roads,Dry,Daylight,Normal,Vehicle with vehicle collision,2,1,Going straight,na,na,na,na,Self-employed,Normal,Not a Pedestrian,No priority to vehicle,Slight Injury
Saturday,18-30,Male,Junior high school,Employee,Above 10yr,Automobile,Governmental,,No defect,Other,Two-way (divided with solid lines road marking),Tangent road with flat terrain,No junction,Asphalt roads,Dry,Darkness - lights lit,Normal,Vehicle with vehicle collision,1,2,Going straight,Driver or rider,Male,31-50,3,Driver,Normal,Not a Pedestrian,Drunk driving,Serious Injury
Wednesday,Unknown,Male,Junior high school,Employee,,Lorry (11?40Q),Governmental,Unknown,No defect,School areas,Double carriageway (median),Tangent road with flat terrain,Y Shape,Asphalt roads,Dry,Daylight,Normal,Vehicle with vehicle collision,2,1,Other,na,na,na,na,Other,Normal,Not a Pedestrian,No distancing,Slight Injury
Monday,Unknown,Male,Junior high school,Employee,Above 10yr,Lorry (11?40Q),Owner,2-5yrs,No defect,Residential areas,Undivided Two way,Tangent road with flat terrain,No junction,Asphalt roads,Dry,Daylight,Normal,Vehicle with vehicle collision,2,1,Reversing,Driver or rider,Male,18-30,3,Driver,Normal,Not a Pedestrian,Getting off the vehicle improperly,Slight Injury
Saturday,31-50,Male,Junior high school,Employee,2-5yr,Lorry (41?100Q),Owner,,No defect,Office areas,Two-way (divided with broken lines road marking),Tangent road with flat terrain,Y Shape,Asphalt roads,Dry,Daylight,Normal,Vehicle with vehicle collision,1,1,Going straight,Driver or rider,Male,31-50,3,Driver,Normal,Not a Pedestrian,No distancing,Slight Injury
Friday,Over 51,Male,Junior high school,Employee,2-5yr,Automobile,Owner,,,Office areas,Undivided Two way,Tangent road with flat terrain,No junction,Asphalt roads,Dry,Daylight,Normal,Vehicle with vehicle collision,2,2,Going straight,Driver or rider,Female,31-50,3,,Normal,Not a Pedestrian,No priority to pedestrian,Slight Injury
Sunday,31-50,Male,Elementary school,Owner,Above 10yr,Pick up upto 10Q,Owner,,,Office areas,Two-way (divided with broken lines road marking),Tangent road with flat terrain,Y Shape,Asphalt roads,Dry,Darkness - lights lit,Normal,Vehicle with vehicle collision,2,1,Going straight,na,na,na,na,Self-employed,Normal,Not a Pedestrian,Changing lane to the right,Slight Injury
Wednesday,Unknown,Male,Junior high school,Employee,Above 10yr,Other,Organization,Unknown,,Other,other,Tangent road with flat terrain,No junction,Asphalt roads,Dry,Daylight,Unknown,Vehicle with vehicle collision,2,1,Reversing,na,na,na,na,Driver,Normal,Not a Pedestrian,Moving Backward,Serious Injury
Monday,18-30,Male,Junior high school,Employee,5-10yr,Stationwagen,Owner,5-10yrs,No defect, Church areas,Two-way (divided with broken lines road marking),Tangent road with flat terrain,Y Shape,Asphalt roads,Dry,Daylight,Normal,Vehicle with vehicle collision,3,1,Other,Driver or rider,Male,18-30,3,Other,Normal,Not a Pedestrian,Changing lane to the left,Slight Injury
Friday,18-30,Male,Elementary school,Employee,1-2yr,Motorcycle,Owner,2-5yrs,No defect,Office areas,Two-way (divided with broken lines road marking),Tangent road with flat terrain,Crossing,Asphalt roads,Dry,Darkness - lights lit,Normal,Vehicle with vehicle collision,2,1,Turnover,Driver or rider,Male,18-30,3,Driver,Normal,Not a Pedestrian,Overtaking,Slight Injury
Wednesday,Under 18,Male,High school,Employee,5-10yr,Lorry (41?100Q),Owner,Unknown,No defect,Other,Two-way (divided with broken lines road marking),Tangent road with flat terrain,Y Shape,Asphalt roads,Wet or damp,Daylight,Normal,Rollover,3,4,Going straight,Driver or rider,Male,31-50,3,,,Not a Pedestrian,No distancing,Slight Injury
Saturday,Over 51,Male,High school,Employee,1-2yr,Motorcycle,Owner,Unknown,No defect,Other,other,Steep grade downward with mountainous terrain,No junction,Asphalt roads,Dry,Daylight,Normal,Vehicle with vehicle collision,2,1,Other,na,na,na,na,Driver,Normal,Not a Pedestrian,Changing lane to the right,Slight Injury
Thursday,Under 18,Male,Junior high school,Employee,Below 1yr,Lorry (11?40Q),Organization,1-2yr,No defect,Office areas,Two-way (divided with broken lines road marking),Tangent road with flat terrain,Y Shape,Other,Wet or damp,Daylight,Raining,Collision with pedestrians,2,1,Going straight,Passenger,Male,31-50,3,,,Not a Pedestrian,Driving carelessly,Serious Injury
Friday,Unknown,Female,Junior high school,Employee,2-5yr,Lorry (11?40Q),Owner,,No defect, Church areas,One way,Tangent road with flat terrain,Y Shape,Asphalt roads,Dry,Daylight,Normal,Vehicle with vehicle collision,2,1,Moving Backward,na,na,na,na,Driver,Normal,Not a Pedestrian,Driving carelessly,Slight Injury
Monday,Over 51,Male,Junior high school,Employee,Above 10yr,Lorry (41?100Q),Governmental,,No defect,Office areas,other,Tangent road with mild grade and flat terrain,No junction,Asphalt roads,Wet or damp,Daylight,Raining,Vehicle with vehicle collision,2,2,Going straight,Driver or rider,Female,18-30,3,Driver,Normal,Not a Pedestrian,No distancing,Slight Injury
Tuesday,18-30,Male,Junior high school,Employee,Below 1yr,Lorry (41?100Q),Owner,5-10yrs,No defect,Office areas,Two-way (divided with broken lines road marking),Tangent road with flat terrain,No junction,Asphalt roads,Dry,Daylight,Normal,Vehicle with vehicle collision,1,1,Moving Backward,na,na,na,na,Driver,Normal,Not a Pedestrian,Moving Backward,Slight Injury
Monday,18-30,Male,,Owner,Below 1yr,Other,Governmental,1-2yr,No defect,Other,Undivided Two way,Tangent road with flat terrain,,Asphalt roads,Wet or damp,Daylight,Raining,Vehicle with vehicle collision,2,1,Going straight,Pedestrian,Male,Under 18,3,,,Crossing from offside - masked by  parked or statioNot a Pedestrianry vehicle,Changing lane to the left,Slight Injury
Tuesday,31-50,Male,Elementary school,Employee,5-10yr,Bajaj,Owner,5-10yrs,No defect,Office areas,Two-way (divided with broken lines road marking),Tangent road with flat terrain,Crossing,Asphalt roads,Dry,Daylight,Normal,Vehicle with vehicle collision,1,1,Moving Backward,Pedestrian,Male,Over 51,3,Driver,Normal,Not a Pedestrian,Driving carelessly,Slight Injury
Monday,18-30,Male,Junior high school,Employee,2-5yr,Lorry (41?100Q),Owner,2-5yrs,,Other,Undivided Two way,Tangent road with mountainous terrain and,Y Shape,Asphalt roads,Dry,Daylight,Normal,Collision with roadside objects,4,1,Going straight,Driver or rider,Male,Over 51,3,Driver,Normal,Not a Pedestrian,Changing lane to the left,Slight Injury
Friday,31-50,Male,Junior high school,Employee,Above 10yr,Lorry (41?100Q),Owner,,No defect,Office areas,other,Tangent road with mountainous terrain and,Other,Asphalt roads,Dry,Darkness - lights lit,Normal,Collision with pedestrians,2,1,Other,na,na,na,na,Driver,Normal,Not a Pedestrian,Changing lane to the left,Slight Injury
Sunday,31-50,Male,Junior high school,Employee,2-5yr,Automobile,Governmental,,No defect,Residential areas,other,Tangent road with flat terrain,No junction,Asphalt roads,Dry,Daylight,Normal,Collision with animals,1,1,Reversing,na,na,na,na,Driver,Normal,Not a Pedestrian,No distancing,Slight Injury
Thursday,Under 18,Male,Unknown,Owner,5-10yr,Stationwagen,Owner,2-5yrs,No defect,Other,Double carriageway (median),Tangent road with flat terrain,Y Shape,Asphalt roads,Wet or damp,Darkness - lights lit,Other,Rollover,3,2,Going straight,Driver or rider,Female,Over 51,3,Driver,Normal,Not a Pedestrian,Driving carelessly,Serious Injury
Saturday,Over 51,Female,Elementary school,Owner,Below 1yr,Taxi,Owner,,No defect,Office areas,Two-way (divided with broken lines road marking),Tangent road with flat terrain,,Asphalt roads,Dry,Daylight,Other,Vehicle with vehicle collision,2,1,Moving Backward,na,na,na,na,Driver,Normal,Not a Pedestrian,Driving under the influence of drugs,Slight Injury
Friday,18-30,Male,Junior high school,Employee,5-10yr,Public (13?45 seats),Owner,,,Office areas,One way,Tangent road with flat terrain,,Asphalt roads,Wet or damp,Daylight,Raining,Vehicle with vehicle collision,1,1,Other,Driver or rider,Male,18-30,3,Driver,Normal,Not a Pedestrian,No priority to vehicle,Slight Injury
Thursday,31-50,Male,,,,,Owner,Unknown,No defect,Residential areas,Undivided Two way,Tangent road with flat terrain,Y Shape,Other,Dry,Daylight,Normal,Vehicle with vehicle collision,3,1,Reversing,na,na,na,na,Self-employed,Normal,Not a Pedestrian,Changing lane to the left,Slight Injury
Sunday,31-50,Male,Junior high school,Employee,1-2yr,Other,Owner,,No defect,Office areas,Two-way (divided with broken lines road marking),Tangent road with flat terrain,No junction,Asphalt roads,Dry,Darkness - lights lit,Normal,Vehicle with vehicle collision,2,1,Other,Driver or rider,Male,18-30,3,,,Not a Pedestrian,Changing lane to the right,Serious Injury
Saturday,Unknown,Female,Junior high school,Employee,Above 10yr,Other,Owner,,,Office areas,Two-way (divided with broken lines road marking),Tangent road with flat terrain,No junction,Asphalt roads,Dry,Darkness - lights lit,Normal,Vehicle with vehicle collision,1,1,Going straight,Driver or rider,Male,18-30,3,Driver,Normal,Not a Pedestrian,Changing lane to the right,Serious Injury
Sunday,Under 18,Male,Elementary school,Employee,5-10yr,Lorry (11?40Q),Owner,2-5yrs,,Office areas,Two-way (divided with broken lines road marking),Tangent road with mountainous terrain and,No junction,,Dry,Darkness - lights lit,Normal,Vehicle with vehicle collision,3,4,Going straight,Passenger,Male,Under 18,2,Driver,Normal,Not a Pedestrian,Changing lane to the left,Slight Injury
Tuesday,31-50,Male,Junior high school,Employee,5-10yr,Public (12 seats),Owner,,No defect,Office areas,other,Tangent road with mountainous terrain and,No junction,Asphalt roads,Dry,Daylight,Normal,Vehicle with vehicle collision,2,1,Going straight,Driver or rider,Female,18-30,3,,,Not a Pedestrian,Moving Backward,Serious Injury
Wednesday,18-30,Male,Junior high school,Employee,5-10yr,Lorry (11?40Q),Owner,5-10yrs,No defect,School areas,other,Tangent road with flat terrain,Unknown,Asphalt roads,Wet or damp,Daylight,Raining,Collision with pedestrians,2,1,Overtaking,Driver or rider,Male,31-50,3,,Normal,Not a Pedestrian,No priority to pedestrian,Slight Injury
Friday,31-50,Male,High school,Employee,Above 10yr,Pick up upto 10Q,Owner,1-2yr,No defect, Church areas,Undivided Two way,Tangent road with flat terrain,No junction,Asphalt roads,Dry,Daylight,Normal,Vehicle with vehicle collision,3,5,Turnover,na,na,na,na,,,Not a Pedestrian,Changing lane to the left,Slight Injury
Friday,31-50,Male,Junior high school,Employee,2-5yr,Public (12 seats),Owner,Unknown,,Office areas,Double carriageway (median),Tangent road with flat terrain,,Asphalt roads,Wet or damp,Darkness - no lighting,Raining,Collision with roadside objects,1,1,Going straight,na,na,na,na,Driver,Normal,Not a Pedestrian,Changing lane to the left,Serious Injury
Sunday,Over 51,Male,Junior high school,Employee,1-2yr,Other,Owner,Above 10yr,No defect,Residential areas,,Tangent road with flat terrain,Crossing,Asphalt roads,Dry,Darkness - lights lit,Normal,Vehicle with vehicle collision,2,5,Other,Driver or rider,Male,Under 18,3,,Normal,Not a Pedestrian,No priority to pedestrian,Slight Injury
Wednesday,31-50,Male,Elementary school,Owner,1-2yr,Stationwagen,Owner,2-5yrs,, Church areas,other,Tangent road with flat terrain,Crossing,Asphalt roads,Dry,Daylight,Normal,Vehicle with vehicle collision,1,1,Turnover,na,na,na,na,Driver,Normal,Not a Pedestrian,No priority to pedestrian,Slight Injury
Thursday,31-50,Male,Junior high school,Employee,2-5yr,Taxi,Owner,,,Other,Two-way (divided with broken lines road marking),Tangent road with flat terrain,No junction,Asphalt roads,Wet or damp,Darkness - lights lit,Raining,Fall from vehicles,1,2,Going straight,na,na,na,na,Driver,Normal,Not a Pedestrian,Moving Backward,Serious Injury