Day_of_week,Age_band_of_driver,Sex_of_driver,Educational_level,Vehicle_driver_relation,Driving_experience,Type_of_vehicle,Owner_of_vehicle,Service_year_of_vehicle,Defect_of_vehicle,Area_accident_occured,Lanes_or_Medians,Road_allignment,Types_of_Junction,Road_surface_type,Road_surface_conditions,Light_conditions,Weather_conditions,Type_of_collision,Number_of_vehicles_involved,Number_of_casualties,Vehicle_movement,Casualty_class,Sex_of_casualty,Age_band_of_casualty,Casualty_severity,Work_of_casuality,Fitness_of_casuality,Pedestrian_movement,Cause_of_accident,Accident_severity
Tuesday,18-30,Male,Elementary school,Employee,2-5yr,Automobile,Owner,Above 10yr,,Other,Two-way (divided with broken lines road marking),Tangent road with mountainous terrain and,Y Shape,Asphalt roads,Wet or damp,Daylight,Raining,Collision with roadside objects,1,2,Going straight,Passenger,Female,31-50,3,Driver,Normal,Not a Pedestrian,Driving carelessly,Slight Injury
Tuesday,18-30,Male,Junior high school,Employee,5-10yr,Lorry (41?100Q),Owner,Unknown,,Office areas,Undivided Two way,Tangent road with flat terrain,No junction,Asphalt roads with some distress,Dry,Daylight,Normal,Vehicle with vehicle collision,2,1,,Driver or rider,Male,31-50,2,Driver,Normal,Not a Pedestrian,Driving carelessly,Slight Injury
Sunday,18-30,Male,,Employee,5-10yr,Automobile,Owner,2-5yrs,,Office areas,Double carriageway (median),Tangent road with flat terrain,No junction,Asphalt roads,Dry,Darkness - lights lit,Normal,Collision with pedestrians,1,3,Going straight,Passenger,Male,Under 18,3,Self-employed,Normal,Not a Pedestrian,Driving carelessly,Slight Injury
Wednesday,18-30,Male,Junior high school,Employee,1-2yr,Other,Owner,Unknown,, Church areas,Two-way (divided with broken lines road marking),Tangent road with flat terrain,Other,Asphalt roads,Dry,Daylight,Normal,Vehicle with vehicle collision,2,2,Going straight,na,na,na,na,Driver,Normal,Not a Pedestrian,Changing lane to the right,Serious Injury
Saturday,Unknown,Male,High school,Owner,2-5yr,Public (> 45 seats),Owner,2-5yrs,No defect,Office areas,Two-way (divided with broken lines road marking),Tangent road with flat terrain,Other,Asphalt roads,Dry,Darkness - lights lit,Normal,Vehicle with vehicle collision,3,6,Moving Backward,Pedestrian,Female,Over 51,3,,,Unknown or other,Changing lane to the left,Slight Injury
Sunday,18-30,Male,Junior high school,Employee,,Other,Owner,,,Office areas,Two-way (divided with broken lines road marking),Tangent road with flat terrain,Crossing,Asphalt roads,Wet or damp,Darkness - lights lit,Normal,Vehicle with vehicle collision,1,1,Going straight,Pedestrian,Female,31-50,3,Self-employed,Normal,Not a Pedestrian,Driving carelessly,Slight Injury
Sunday,31-50,Male,Junior high school,Employee,Above 10yr,Automobile,Owner,Below 1yr,, Church areas,Undivided Two way,Tangent road with flat terrain,Y Shape,Asphalt roads,Dry,Daylight,Normal,Vehicle with vehicle collision,2,1,Going straight,na,na,na,na,Driver,Normal,Not a Pedestrian,Driving carelessly,Slight Injury
Tuesday,31-50,Male,Elementary school,Employee,5-10yr,Other,Owner,Unknown,No defect,Office areas,Undivided Two way,Tangent road with flat terrain,No junction,Asphalt roads,Wet or damp,Darkness - lights lit,Windy,Vehicle with vehicle collision,3,1,Going straight,na,na,na,na,Self-employed,Normal,Not a Pedestrian,Changing lane to the right,Slight Injury
Wednesday,18-30,Male,Junior high school,Owner,5-10yr,Lorry (41?100Q),Owner,Unknown,No defect,Other,Two-way (divided with broken lines road marking),Tangent road with flat terrain,Crossing,Asphalt roads,Wet or damp,Darkness - lights lit,Normal,Vehicle with vehicle collision,1,1,Going straight,Driver or rider,Female,18-30,2,,,Not a Pedestrian,Changing lane to the left,Serious Injury
Tuesday,18-30,Male,Elementary school,Employee,5-10yr,Public (13?45 seats),Owner,Below 1yr,No defect,Other,Undivided Two way,Tangent road with flat terrain,Y Shape,Asphalt roads,Wet or damp,Darkness - lights lit,Snow,Vehicle with vehicle collision,1,1,Moving Backward,Driver or rider,Male,31-50,3,Employee,Normal,Not a Pedestrian,Other,Serious Injury
Friday,18-30,Male,Junior high school,Employee,Above 10yr,Other,Owner,2-5yrs,,Office areas,One way,Steep grade downward with mountainous terrain,No junction,Asphalt roads,Wet or damp,Daylight,Raining,Vehicle with vehicle collision,2,2,Going straight,Driver or rider,Male,18-30,3,Driver,Normal,Not a Pedestrian,Driving carelessly,Slight Injury
Tuesday,31-50,Male,Junior high school,Employee,5-10yr,Automobile,Governmental,Below 1yr,No defect,Other,Two-way (divided with broken lines road marking),Tangent road with flat terrain,Y Shape,Asphalt roads,Wet or damp,Darkness - lights lit,Raining,Vehicle with vehicle collision,2,1,Going straight,Pedestrian,Male,Under 18,3,Driver,Normal,Crossing from offside - masked by  parked or statioNot a Pedestrianry vehicle,No priority to pedestrian,Slight Injury
Wednesday,Unknown,Male,Junior high school,Owner,1-2yr,Automobile,Owner,2-5yrs,, Church areas,other,Tangent road with flat terrain,X Shape,Asphalt roads,Dry,Darkness - lights lit,Normal,Vehicle with vehicle collision,2,1,Going straight,Pedestrian,Male,Over 51,3,Driver,Normal,Not a Pedestrian,No distancing,Slight Injury
Friday,31-50,Male,Elementary school,Employee,2-5yr,Automobile,Owner,Unknown,No defect,,other,Tangent road with flat terrain,Crossing,Asphalt roads,Dry,Daylight,Normal,Vehicle with vehicle collision,2,1,U-Turn,Pedestrian,Female,Over 51,3,,,Unknown or other,No distancing,Slight Injury
Thursday,31-50,Male,High school,Owner,2-5yr,Other,Owner,,,Residential areas,other,Tangent road with flat terrain,No junction,Asphalt roads,Dry,Daylight,Unknown,Vehicle with vehicle collision,2,1,Moving Backward,Driver or rider,Male,31-50,3,Driver,Normal,Not a Pedestrian,Changing lane to the left,Slight Injury
Tuesday,Unknown,Female,Junior high school,Employee,Above 10yr,Special vehicle,Owner,5-10yrs,,Office areas,Undivided Two way,Tangent road with flat terrain,Y Shape,Asphalt roads,Dry,Darkness - lights lit,Normal,Vehicle with vehicle collision,2,1,Moving Backward,Driver or rider,Male,31-50,3,,Normal,Not a Pedestrian,Driving carelessly,Slight Injury
Thursday,Under 18,Male,Junior high school,Employee,1-2yr,Automobile,Owner,Unknown,,Office areas,Undivided Two way,Tangent road with flat terrain,,Asphalt roads,Dry,Daylight,Normal,Vehicle with vehicle collision,4,1,Reversing,Passenger,Male,Over 51,3,,,Not a Pedestrian,Overtaking,Slight Injury
Friday,18-30,Male,Elementary school,Employee,5-10yr,Lorry (41?100Q),Owner,2-5yrs,,Office areas,Double carriageway (median),Tangent road with flat terrain,Y Shape,Asphalt roads,Dry,Daylight,Normal,Rollover,2,1,Getting off,Pedestrian,Female,18-30,3,Driver,Normal,Crossing from driver's nearside,Driving carelessly,Slight Injury
Wednesday,18-30,Male,High school,Employee,5-10yr,Stationwagen,Owner,2-5yrs,No defect,Other,Two-way (divided with broken lines road marking),Escarpments,Y Shape,Asphalt roads,Dry,Daylight,Normal,Vehicle with vehicle collision,2,1,Going straight,na,na,na,na,Driver,Normal,Not a Pedestrian,No distancing,Serious Injury
Wednesday,31-50,Male,Junior high school,Employee,Above 10yr,Public (> 45 seats),Owner,2-5yrs,No defect,Residential areas,Two-way (divided with broken lines road marking),Gentle horizontal curve,,Other,Dry,Daylight,Normal,Vehicle with vehicle collision,2,2,Getting off,Driver or rider,Female,31-50,3,Driver,Normal,Not a Pedestrian,No priority to vehicle,Slight Injury
Tuesday,31-50,Male,Junior high school,Owner,5-10yr,Long lorry,Owner,Unknown,No defect,Office areas,Two-way (divided with broken lines road marking),Tangent road with flat terrain,Y Shape,Asphalt roads,Dry,Daylight,Normal,Collision with roadside objects,2,1,,na,na,na,na,,,Not a Pedestrian,Changing lane to the right,Slight Injury
Saturday,18-30,Male,High school,Employee,,Public (13?45 seats),Owner,Unknown,No defect,Other,Two-way (divided with broken lines road marking),Tangent road with flat terrain,No junction,Asphalt roads,Dry,Daylight,Normal,Vehicle with vehicle collision,3,5,Going straight,Driver or rider,Male,18-30,3,Driver,Normal,Not a Pedestrian,No distancing,Serious Injury
Monday,18-30,Male,Elementary school,,,Automobile,,,,Office areas,Two-way (divided with broken lines road marking),Tangent road with flat terrain,Y Shape,Asphalt roads,Dry,Daylight,Normal,Collision with roadside objects,3,1,Parked,na,na,na,na,,,Not a Pedestrian,Moving Backward,Slight Injury
Saturday,31-50,Male,Junior high school,Employee,1-2yr,,Owner,,,Other,Two-way (divided with broken lines road marking),Tangent road with flat terrain,Crossing,Asphalt roads,Dry,Darkness - no lighting,Normal,Collision with roadside objects,2,3,Moving Backward,na,na,na,na,Self-employed,Normal,Not a Pedestrian,Driving carelessly,Slight Injury
Thursday,31-50,Male,High school,Employee,Below 1yr,Automobile,,,,,Two-way (divided with broken lines road marking),Tangent road with flat terrain,Y Shape,Asphalt roads,Dry,Daylight,Normal,Vehicle with vehicle collision,2,1,Going straight,Driver or rider,Female,18-30,3,Driver,Normal,Not a Pedestrian,No distancing,Fatal injury
Thursday,18-30,Male,Junior high school,Employee,2-5yr,Pick up upto 10Q,Owner,Above 10yr,No defect,Office areas,Two-way (divided with broken lines road marking),Sharp reverse curve,Y Shape,Asphalt roads,Wet or damp,Darkness - lights lit,Normal,Vehicle with vehicle collision,2,2,Moving Backward,na,na,na,na,,,Not a Pedestrian,Changing lane to the right,Slight Injury
Monday,18-30,Male,Junior high school,Employee,5-10yr,Automobile,Owner,Above 10yr,No defect,Other,Two-way (divided with broken lines road marking),Tangent road with flat terrain,,Earth roads,Dry,Daylight,Normal,,2,1,Going straight,na,na,na,na,Driver,Normal,Not a Pedestrian,Changing lane to the right,Serious Injury
Thursday,31-50,Male,Writing & reading,Employee,5-10yr,Stationwagen,Owner,Above 10yr,No defect,Other,Undivided Two way,Tangent road with flat terrain,No junction,,Dry,Daylight,Normal,Vehicle with vehicle collision,4,5,Reversing,na,na,na,na,Driver,Normal,Not a Pedestrian,No priority to vehicle,Slight Injury
Friday,Over 51,Male,Junior high school,Employee,,Lorry (41?100Q),Owner,5-10yrs,No defect,Residential areas,Undivided Two way,Tangent road with flat terrain,No junction,Asphalt roads,Dry,Daylight,Normal,Vehicle with vehicle collision,1,1,Going straight,Driver or rider,Male,Under 18,3,,,Not a Pedestrian,No distancing,Slight Injury
Wednesday,18-30,Male,Junior high school,Employee,Above 10yr,Automobile,Owner,,No defect,Office areas,Two-way (divided with broken lines road marking),Tangent road with flat terrain,Y Shape,Asphalt roads,Dry,Daylight,Normal,Vehicle with vehicle collision,2,1,Other,na,na,na,na,,Normal,Not a Pedestrian,Driving carelessly,Slight Injury
Monday,18-30,Male,Junior high school,Employee,Above 10yr,Stationwagen,Owner,Above 10yr,,Other,Two-way (divided with broken lines road marking),Tangent road with mountainous terrain and,Y Shape,Asphalt roads,Dry,Daylight,Unknown,Vehicle with vehicle collision,3,4,Going straight,na,na,na,na,Driver,Normal,Not a Pedestrian,No distancing,Serious Injury
Saturday,31-50,Male,Junior high school,Employee,Above 10yr,Lorry (41?100Q),Owner,,,  Recreational areas,Two-way (divided with broken lines road marking),Tangent road with flat terrain,Y Shape,Earth roads,Dry,Darkness - lights lit,Normal,Collision with roadside-parked vehicles,2,1,Going straight,Passenger,Male,Over 51,3,Self-employed,Normal,Not a Pedestrian,No distancing,Slight Injury
Friday,18-30,Male,High school,Employee,2-5yr,Lorry (11?40Q),Owner,,,Other,Double carriageway (median),Tangent road with flat terrain,No junction,Asphalt roads,Dry,Daylight,Other,Collision with roadside objects,2,2,Going straight,na,na,na,na,,,Not a Pedestrian,Changing lane to the left,Slight Injury
Thursday,31-50,Male,Junior high school,Employee,5-10yr,Automobile,Owner,Unknown,,Office areas,One way,Tangent road with flat terrain,No junction,Asphalt roads,Dry,Daylight,Normal,Vehicle with vehicle collision,2,1,Moving Backward,Driver or rider,Male,31-50,3,Other,Normal,Not a Pedestrian,Moving Backward,Slight Injury
Saturday,Unknown,Male,Junior high school,Employee,5-10yr,Lorry (41?100Q),Owner,5-10yrs,, Hospital areas,other,Steep grade downward with mountainous terrain,Y Shape,Asphalt roads,Dry,Daylight,Normal,Vehicle with vehicle collision,2,1,Going straight,Driver or rider,Male,18-30,3,Driver,Normal,Not a Pedestrian,No distancing,Slight Injury
Tuesday,Unknown,Male,Junior high school,Employee,5-10yr,Lorry (11?40Q),Owner,2-5yrs,,Other,Undivided Two way,Tangent road with mountainous terrain and,Crossing,Asphalt roads,Dry,Daylight,Normal,Vehicle with vehicle collision,2,1,Turnover,Driver or rider,Male,31-50,3,Self-employed,Normal,Not a Pedestrian,Other,Slight Injury
Tuesday,Over 51,Male,,,,Automobile,Owner,,No defect,Office areas,other,Tangent road with mountainous terrain and,Y Shape,Asphalt roads,Dry,Daylight,Normal,Vehicle with vehicle collision,3,3,Turnover,na,na,na,na,,Normal,Not a Pedestrian,Driving to the left,Serious Injury
Wednesday,18-30,Male,,,,,,,,,other,Tangent road with flat terrain,No junction,Asphalt roads,Dry,Daylight,Normal,Vehicle with vehicle collision,2,1,Going straight,Pedestrian,Female,Under 18,3,Driver,Normal,Crossing from offside - masked by  parked or statioNot a Pedestrianry vehicle,Driving at high speed,Slight Injury
Wednesday,18-30,Male,Junior high school,Employee,1-2yr,Automobile,Owner,Above 10yr,,  Market areas,other,Steep grade downward with mountainous terrain,No junction,Asphalt roads,Wet or damp,Daylight,Raining,Vehicle with vehicle collision,2,1,Going straight,Driver or rider,Male,18-30,3,Self-employed,Normal,Not a Pedestrian,No priority to pedestrian,Slight Injury
Friday,31-50,Male,Junior high school,Employee,1-2yr,,Governmental,Unknown,No defect,Other,Two-way (divided with broken lines road marking),Tangent road with flat terrain,Y Shape,Asphalt roads,Dry,Daylight,Unknown,Vehicle with vehicle collision,2,1,Moving Backward,Driver or rider,Male,31-50,3,Self-employed,Normal,Not a Pedestrian,No priority to vehicle,Slight Injury
Monday,18-30,Male,Junior high school,Employee,Above 10yr,Automobile,Owner,Above 10yr,No defect,School areas,Undivided Two way,Tangent road with flat terrain,Y Shape,Asphalt roads,Dry,Daylight,Normal,Vehicle with vehicle collision,1,1,Going straight,Passenger,Female,18-30,3,Driver,Normal,Not a Pedestrian,Driving carelessly,Slight Injury
Sunday,18-30,Male,Junior high school,Employee,1-2yr,Public (12 seats),Owner,Above 10yr,No defect,Office areas,Two-way (divided with broken lines road marking),Tangent road with flat terrain,No junction,Asphalt roads,Dry,Darkness - lights lit,Normal,Collision with pedestrians,2,1,Other,Pedestrian,Male,Under 18,3,Self-employed,Normal,Crossing from nearside - masked by parked or statioNot a Pedestrianry vehicle,Changing lane to the right,Slight Injury
Monday,Under 18,Male,Junior high school,Employee,Below 1yr,,Owner,,No defect,  Recreational areas,Two-way (divided with broken lines road marking),Tangent road with flat terrain,Y Shape,Asphalt roads,Dry,Daylight,Unknown,,2,1,,Passenger,Female,Over 51,3,Driver,Normal,Not a Pedestrian,Changing lane to the right,Slight Injury
Friday,31-50,Male,Junior high school,Employee,Below 1yr,Automobile,,,,Office areas,,Tangent road with mild grade and flat terrain,Other,Asphalt roads,Dry,Daylight,Normal,Vehicle with vehicle collision,2,1,Going straight,Driver or rider,Male,18-30,3,,,Not a Pedestrian,No distancing,Slight Injury
Wednesday,Unknown,Male,Junior high school,Employee,Above 10yr,Other,Owner,,No defect, Church areas,Undivided Two way,Tangent road with flat terrain,No junction,Asphalt roads,Dry,Daylight,Normal,Collision with roadside objects,1,1,Going straight,na,na,na,na,,,Not a Pedestrian,Changing lane to the left,Slight Injury
Sunday,31-50,Male,Junior high school,Employee,2-5yr,Other,Organization,Unknown,No defect,Other,Two-way (divided with broken lines road marking),Tangent road with flat terrain,Crossing,Asphalt roads,Wet or damp,Daylight,Raining,Vehicle with vehicle collision,2,1,Other,Driver or rider,Male,18-30,3,Self-employed,Normal,Not a Pedestrian,Other,Slight Injury
Saturday,Over 51,Male,Junior high school,Employee,Above 10yr,Public (12 seats),Owner,1-2yr,No defect,,Two-way (divided with broken lines road marking),Tangent road with flat terrain,Crossing,Asphalt roads,Dry,Daylight,Normal,Rollover,2,2,Other,na,na,na,na,Driver,Normal,Not a Pedestrian,Changing lane to the right,Slight Injury
Friday,18-30,Male,Junior high school,Employee,5-10yr,Public (12 seats),Owner,,,Office areas,,Tangent road with flat terrain,Y Shape,Earth roads,Dry,Darkness - lights lit,Normal,Vehicle with vehicle collision,2,1,Getting off,Driver or rider,Male,31-50,3,Driver,Normal,Not a Pedestrian,Changing lane to the left,Slight Injury
Wednesday,Unknown,Male,Junior high school,Employee,1-2yr,Public (13?45 seats),Owner,2-5yrs,No defect,Residential areas,Undivided Two way,Tangent road with flat terrain,Y Shape,Asphalt roads,Dry,Darkness - lights lit,Unknown,Vehicle with vehicle collision,2,1,,Driver or rider,Male,18-30,3,Driver,Normal,Not a Pedestrian,Moving Backward,Slight Injury
Tuesday,18-30,Male,Above high school,Employee,Above 10yr,Special vehicle,Owner,,,Office areas,Two-way (divided with broken lines road marking),Tangent road with flat terrain,No junction,Asphalt roads,Dry,Daylight,Normal,Vehicle with vehicle collision,2,1,Going straight,Driver or rider,Male,18-30,3,,,Not a Pedestrian,No priority to pedestrian,Slight Injury
Thursday,31-50,Male,Junior high school,Employee,5-10yr,,Owner,,,Office areas,One way,Tangent road with mild grade and flat terrain,Y Shape,Asphalt roads,Dry,Darkness - lights lit,Normal,Vehicle with vehicle collision,2,1,Going straight,Passenger,Female,31-50,3,Driver,,Not a Pedestrian,No distancing,Slight Injury
Saturday,18-30,Male,Junior high school,Employee,1-2yr,Lorry (41?100Q),Owner,Below 1yr,No defect,Office areas,Two-way (divided with broken lines road marking),Tangent road with flat terrain,Y Shape,Asphalt roads with some distress,Dry,Daylight,Normal,Vehicle with vehicle collision,1,1,Other,na,na,na,na,Driver,Normal,Not a Pedestrian,Moving Backward,Slight Injury
Monday,Over 51,Male,Junior high school,Employee,2-5yr,Automobile,Governmental,2-5yrs,No defect,Other,Two-way (divided with broken lines road marking),Tangent road with flat terrain,Crossing,Asphalt roads,Wet or damp,Darkness - no lighting,Normal,Vehicle with vehicle collision,2,3,Going straight,Passenger,Female,18-30,3,Other,Normal,Not a Pedestrian,Changing lane to the left,Slight Injury
Friday,31-50,Male,Elementary school,Owner,,,Owner,,No defect,Office areas,Two-way (divided with broken lines road marking),Tangent road with flat terrain,Y Shape,Asphalt roads,Dry,Daylight,Normal,Vehicle with vehicle collision,2,1,,Driver or rider,Male,18-30,3,Driver,Normal,Not a Pedestrian,Improper parking,Slight Injury
Wednesday,18-30,Male,Junior high school,Owner,2-5yr,Stationwagen,Owner,,No defect, Hospital areas,One way,Tangent road with flat terrain,No junction,Asphalt roads,Wet or damp,Darkness - no lighting,Windy,Vehicle with vehicle collision,2,3,Going straight,Driver or rider,Male,18-30,3,Self-employed,Normal,Not a Pedestrian,No priority to vehicle,Slight Injury
Monday,Over 51,Male,Junior high school,Employee,Below 1yr,Public (> 45 seats),Organization,2-5yrs,, Industrial areas,Two-way (divided with broken lines road marking),Tangent road with flat terrain,Crossing,Asphalt roads,Wet or damp,Daylight,Windy,Vehicle with vehicle collision,2,1,Going straight,Pedestrian,Male,31-50,3,,,Not a Pedestrian,No priority to vehicle,Slight Injury
Saturday,31-50,Male,Junior high school,Employee,5-10yr,Pick up upto 10Q,Owner,Above 10yr,No defect,Office areas,Two-way (divided with broken lines road marking),Sharp reverse curve,Crossing,Asphalt roads,Dry,Daylight,Normal,Vehicle with vehicle collision,2,2,Reversing,Driver or rider,Male,18-30,3,Driver,Normal,Not a Pedestrian,Driving carelessly,Slight Injury
Wednesday,18-30,Male,Junior high school,Employee,1-2yr,Lorry (11?40Q),Owner,,No defect,Other,Two-way (divided with broken lines road marking),Tangent road with flat terrain,Crossing,Asphalt roads,Dry,Daylight,Normal,Collision with pedestrians,3,1,Reversing,Driver or rider,Male,31-50,3,Driver,Normal,Not a Pedestrian,No distancing,Serious Injury
Friday,31-50,Male,Junior high school,Employee,5-10yr,Other,Owner,,No defect,Residential areas,Undivided Two way,Tangent road with flat terrain,Y Shape,Asphalt roads,Dry,Daylight,Normal,Vehicle with vehicle collision,1,1,Other,Driver or rider,Male,31-50,3,Self-employed,Normal,Not a Pedestrian,Moving Backward,Serious Injury
Sunday,Unknown,Male,High school,Employee,1-2yr,Public (13?45 seats),Owner,Unknown,No defect,Other,Undivided Two way,Tangent road with flat terrain,No junction,Asphalt roads,Dry,Darkness - lights lit,Normal,Vehicle with vehicle collision,4,2,Going straight,na,na,na,na,Self-employed,Normal,Not a Pedestrian,Changing lane to the left,Slight Injury
Tuesday,31-50,Male,High school,Employee,5-10yr,Lorry (41?100Q),Owner,5-10yrs,,Other,Undivided Two way,Tangent road with flat terrain,No junction,Asphalt roads,Dry,Daylight,Normal,Collision with pedestrians,2,1,Going straight,na,na,na,na,Driver,Normal,Not a Pedestrian,Driving carelessly,Slight Injury
Friday,18-30,Male,Above high school,Employee,Above 10yr,Public (12 seats),Owner,2-5yrs,,Office areas,Undivided Two way,Tangent road with flat terrain,Y Shape,Asphalt roads,Dry,Darkness - lights lit,Unknown,Vehicle with vehicle collision,2,1,Going straight,Driver or rider,Female,18-30,2,,,Not a Pedestrian,No priority to vehicle,Slight Injury
Friday,31-50,Male,Junior high school,Owner,5-10yr,Lorry (11?40Q),Owner,,,Office areas,Two-way (divided with broken lines road marking),Tangent road with flat terrain,No junction,Asphalt roads,Wet or damp,Daylight,Normal,Collision with roadside objects,2,1,Other,Pedestrian,Female,Under 18,3,Driver,Normal,Not a Pedestrian,Drunk driving,Slight Injury
Wednesday,31-50,Male,Elementary school,Employee,5-10yr,Lorry (11?40Q),Owner,Above 10yr,,Residential areas,other,Tangent road with flat terrain,Other,Asphalt roads,Dry,Daylight,Normal,Collision with roadside objects,1,1,Going straight,Driver or rider,Male,18-30,3,Driver,Normal,Not a Pedestrian,Changing lane to the left,Slight Injury
Wednesday,31-50,Male,Junior high school,Employee,1-2yr,Automobile,,,,Office areas,,Tangent road with mild grade and flat terrain,Crossing,Asphalt roads,Dry,Daylight,Normal,Vehicle with vehicle collision,2,1,Other,na,na,na,na,,,Not a Pedestrian,Driving carelessly,Slight Injury
Tuesday,31-50,Male,Elementary school,Employee,2-5yr,Long lorry,Owner,5-10yrs,,Other,Two-way (divided with broken lines road marking),Tangent road with flat terrain,No junction,Asphalt roads,Wet or damp,Daylight,Raining,Vehicle with vehicle collision,2,1,Going straight,na,na,na,na,Driver,Normal,Not a Pedestrian,Driving under the influence of drugs,Slight Injury
Thursday,31-50,Male,Elementary school,Employee,1-2yr,Stationwagen,Owner,5-10yrs,No defect,Other,Double carriageway (median),Gentle horizontal curve,Crossing,Asphalt roads,Dry,Darkness - lights lit,Normal,Rollover,2,1,Going straight,na,na,na,na,,,Not a Pedestrian,No distancing,Slight Injury
Friday,Unknown,Female,High school,Employee,5-10yr,Lorry (41?100Q),Owner,5-10yrs,,Other,One way,Tangent road with flat terrain,O Shape,Asphalt roads,Wet or damp,Daylight,Other,Collision with pedestrians,3,1,Other,Driver or rider,Male,18-30,3,Self-employed,Normal,Not a Pedestrian,Changing lane to the right,Slight Injury
Friday,Over 51,Male,Junior high school,Owner,1-2yr,Lorry (11?40Q),Owner,Unknown,No defect,Residential areas,Two-way (divided with broken lines road marking),Tangent road with flat terrain,Other,Asphalt roads,Dry,Daylight,Normal,Collision with roadside objects,2,1,Going straight,na,na,na,na,Driver,Normal,Not a Pedestrian,Overtaking,Serious Injury
Sunday,18-30,Male,,,,Automobile,Owner,,No defect,Other,Two-way (divided with broken lines road marking),Tangent road with flat terrain,Y Shape,Asphalt roads,Dry,Daylight,Normal,Vehicle with vehicle collision,3,1,Getting off,na,na,na,na,Self-employed,Normal,Not a Pedestrian,Changing lane to the right,Slight Injury
Wednesday,Unknown,Female,Junior high school,Employee,2-5yr,Automobile,Owner,Unknown,7,Other,other,Tangent road with flat terrain,No junction,Asphalt roads,Dry,Daylight,Unknown,Vehicle with vehicle collision,3,3,Going straight,Pedestrian,Male,18-30,3,Driver,Normal,Not a Pedestrian,Changing lane to the left,Slight Injury
Tuesday,31-50,Male,Junior high school,Employee,1-2yr,Other,Owner,Unknown,No defect,Office areas,Two-way (divided with solid lines road marking),Tangent road with flat terrain,No junction,Asphalt roads,Dry,Daylight,Normal,Other,2,2,Getting off,Driver or rider,Male,18-30,3,,,Not a Pedestrian,Moving Backward,Slight Injury
Wednesday,31-50,Male,,,,Stationwagen,Owner,,,Office areas,Undivided Two way,Tangent road with flat terrain,No junction,Asphalt roads,Dry,Daylight,Normal,Vehicle with vehicle collision,2,1,Going straight,Driver or rider,Female,18-30,3,Driver,Normal,Not a Pedestrian,Driving carelessly,Slight Injury
Thursday,18-30,Male,Junior high school,Employee,1-2yr,Stationwagen,Governmental,Above 10yr,No defect,Residential areas,other,Tangent road with flat terrain,No junction,Asphalt roads,Dry,Darkness - lights lit,Normal,Vehicle with vehicle collision,1,1,Overtaking,Pedestrian,Female,Under 18,3,Driver,Normal,Crossing from offside - masked by  parked or statioNot a Pedestrianry vehicle,Changing lane to the left,Fatal injury
Thursday,Under 18,Male,,,,Automobile,Owner,5-10yrs,No defect, Church areas,Unknown,Tangent road with mountainous terrain and,Y Shape,Asphalt roads,Wet or damp,Daylight,Normal,Collision with pedestrians,2,1,Going straight,Pedestrian,Male,Over 51,2,Driver,Normal,Not a Pedestrian,Other,Slight Injury
Thursday,Unknown,Male,Junior high school,Employee,2-5yr,,Owner,Above 10yr,No defect,Residential areas,other,Tangent road with flat terrain,Y Shape,Asphalt roads,Dry,Daylight,Normal,Other,2,1,Going straight,Driver or rider,Male,Over 51,2,Unemployed,Normal,Not a Pedestrian,Changing lane to the left,Slight Injury
Saturday,31-50,Male,High school,Employee,2-5yr,Pick up upto 10Q,Owner,,No defect,Other,Undivided Two way,Tangent road with flat terrain,Y Shape,Asphalt roads,Dry,Darkness - lights lit,Normal,Collision with roadside objects,2,1,Going straight,Driver or rider,Male,5,3,Self-employed,Normal,Not a Pedestrian,Moving Backward,Slight Injury
Monday,31-50,Male,Junior high school,Employee,Above 10yr,Lorry (41?100Q),Owner,Unknown,No defect,Other,Two-way (divided with broken lines road marking),Tangent road with flat terrain,Crossing,Asphalt roads,Dry,Daylight,Normal,Vehicle with vehicle collision,1,1,Turnover,na,na,na,na,,Normal,Not a Pedestrian,Changing lane to the right,Slight Injury
Sunday,Over 51,Male,High school,Owner,2-5yr,Automobile,Owner,,No defect,Residential areas,Double carriageway (median),Tangent road with flat terrain,Y Shape,Asphalt roads,Dry,Daylight,Normal,Collision with roadside objects,2,1,,Pedestrian,Male,18-30,3,Driver,Normal,Not a Pedestrian,No priority to vehicle,Serious Injury
Thursday,Over 51,Male,Junior high school,Employee,5-10yr,Automobile,Owner,,No defect,Office areas,Two-way (divided with broken lines road marking),Tangent road with flat terrain,Y Shape,Asphalt roads,Snow,Darkness - lights lit,Other,Vehicle with vehicle collision,2,3,Going straight,na,na,na,na,Driver,Normal,Not a Pedestrian,Driving carelessly,Slight Injury
Friday,18-30,Male,,,,Taxi,Owner,,No defect, Outside rural areas,Undivided Two way,Tangent road with mountainous terrain and,Crossing,Asphalt roads,Dry,Daylight,Normal,Vehicle with vehicle collision,2,1,Going straight,na,na,na,na,,,Not a Pedestrian,Driving carelessly,Serious Injury
Saturday,31-50,Male,High school,Owner,Above 10yr,Lorry (41?100Q),Owner,,,Office areas,,Tangent road with flat terrain,Y Shape,Asphalt roads,Dry,Daylight,Normal,Vehicle with vehicle collision,3,2,Going straight,na,na,na,na,Self-employed,Normal,Not a Pedestrian,Changing lane to the right,Slight Injury
Saturday,31-50,Male,High school,Employee,1-2yr,Lorry (41?100Q),Owner,1-2yr,No defect,Residential areas,Two-way (divided with broken lines road marking),Tangent road with flat terrain,Y Shape,Asphalt roads,Dry,Daylight,Normal,Vehicle with vehicle collision,2,1,Getting off,Driver or rider,Male,18-30,3,Employee,Normal,Not a Pedestrian,Driving carelessly,Slight Injury