Day_of_week,Age_band_of_driver,Sex_of_driver,Educational_level,Vehicle_driver_relation,Driving_experience,Type_of_vehicle,Owner_of_vehicle,Service_year_of_vehicle,Defect_of_vehicle,Area_accident_occured,Lanes_or_Medians,Road_allignment,Types_of_Junction,Road_surface_type,Road_surface_conditions,Light_conditions,Weather_conditions,Type_of_collision,Number_of_vehicles_involved,Number_of_casualties,Vehicle_movement,Casualty_class,Sex_of_casualty,Age_band_of_casualty,Casualty_severity,Work_of_casuality,Fitness_of_casuality,Pedestrian_movement,Cause_of_accident,Accident_severity
Monday,Over 51,Male,Junior high school,Employee,Below 1yr,Lorry (11?40Q),Owner,Below 1yr,,Office areas,Two-way (divided with broken lines road marking),Tangent road with flat terrain,No junction,Asphalt roads,Dry,Daylight,Normal,Vehicle with vehicle collision,2,1,Going straight,Driver or rider,Male,18-30,3,Driver,Normal,Not a Pedestrian,No priority to pedestrian,Slight Injury
Tuesday,18-30,Male,Junior high school,Owner,Below 1yr,Lorry (41?100Q),Owner,,,Office areas,other,Tangent road with flat terrain,Y Shape,Asphalt roads,Dry,Daylight,Normal,Vehicle with vehicle collision,2,1,Going straight,Driver or rider,Male,31-50,3,Self-employed,Normal,Not a Pedestrian,No distancing,Serious Injury
Thursday,18-30,Male,Junior high school,Owner,5-10yr,Lorry (11?40Q),Owner,,,Office areas,,Tangent road with mild grade and flat terrain,Y Shape,Asphalt roads,Dry,Daylight,Normal,Vehicle with vehicle collision,2,1,Going straight,Driver or rider,Male,5,3,Driver,Normal,Not a Pedestrian,Driving at high speed,Slight Injury
Friday,Over 51,Male,,,,,,,,,Two-way (divided with broken lines road marking),Tangent road with flat terrain,Other,Asphalt roads,Wet or damp,Darkness - lights lit,Normal,Collision with pedestrians,2,2,Going straight,Driver or rider,Male,31-50,3,Driver,Normal,Not a Pedestrian,Changing lane to the right,Slight Injury
Wednesday,31-50,Male,Elementary school,Employee,Below 1yr,Automobile,Owner,Above 10yr,No defect,Office areas,other,Tangent road with flat terrain,Crossing,Asphalt roads,Wet or damp,Darkness - lights lit,Normal,Vehicle with vehicle collision,2,2,Going straight,na,na,na,na,,,Not a Pedestrian,Other,Slight Injury
Monday,31-50,Male,Junior high school,Employee,2-5yr,Automobile,Owner,5-10yrs,No defect,Other,Two-way (divided with broken lines road marking),Tangent road with flat terrain,No junction,Asphalt roads,Dry,Daylight,Other,Vehicle with vehicle collision,2,1,Going straight,na,na,na,na,,,Not a Pedestrian,Driving carelessly,Slight Injury
Sunday,31-50,Male,Junior high school,Employee,Above 10yr,,Governmental,,,Office areas,Two-way (divided with broken lines road marking),Tangent road with flat terrain,No junction,Asphalt roads,Wet or damp,Daylight,Raining,Vehicle with vehicle collision,2,4,Going straight,Pedestrian,Male,18-30,3,,Normal,Unknown or other,No priority to vehicle,Slight Injury
Tuesday,31-50,Male,Junior high school,Employee,5-10yr,Stationwagen,Owner,Unknown,No defect,Office areas,other,Tangent road with flat terrain,Y Shape,Asphalt roads,Wet or damp,Darkness - lights lit,Normal,Vehicle with vehicle collision,2,2,Moving Backward,na,na,na,na,Driver,Normal,Not a Pedestrian,Driving to the left,Slight Injury
Monday,18-30,Male,Junior high school,Employee,2-5yr,Motorcycle,Owner,Above 10yr,,Office areas,other,Tangent road with mountainous terrain and,No junction,Asphalt roads,Dry,Daylight,Normal,Vehicle with vehicle collision,2,2,Going straight,Pedestrian,Male,Over 51,3,Driver,Normal,Not a Pedestrian,Other,Slight Injury
Thursday,31-50,Male,Junior high school,Owner,Below 1yr,Pick up upto 10Q,Owner,5-10yrs,No defect,Other,other,Tangent road with flat terrain,No junction,Asphalt roads,Dry,Daylight,Normal,Vehicle with vehicle collision,4,5,Getting off,Driver or rider,Male,Under 18,3,Driver,Normal,Not a Pedestrian,No priority to vehicle,Slight Injury
Thursday,Unknown,Male,Junior high school,Employee,Below 1yr,Lorry (41?100Q),Owner,Above 10yr,,School areas,Two-way (divided with broken lines road marking),Tangent road with flat terrain,No junction,Asphalt roads,Dry,Darkness - lights lit,Normal,Vehicle with vehicle collision,2,1,Going straight,Driver or rider,Male,31-50,3,Driver,Normal,Not a Pedestrian,No distancing,Slight Injury
Tuesday,18-30,Male,Junior high school,Employee,Above 10yr,,Owner,,No defect,Other,Undivided Two way,Tangent road with flat terrain,No junction,Asphalt roads,Dry,Daylight,Normal,Vehicle with vehicle collision,3,3,Going straight,Driver or rider,Male,18-30,3,Driver,Normal,Not a Pedestrian,Changing lane to the left,Slight Injury
Thursday,Over 51,Male,Junior high school,Employee,2-5yr,Long lorry,Owner,,No defect,Other,Undivided Two way,Tangent road with flat terrain,No junction,Asphalt roads,Wet or damp,Darkness - lights lit,Raining,Collision with animals,3,3,Going straight,na,na,na,na,,,Not a Pedestrian,No priority to pedestrian,Serious Injury
Friday,Over 51,Male,High school,Employee,Above 10yr,Stationwagen,Owner,Above 10yr,No defect, Church areas,Two-way (divided with broken lines road marking),Steep grade downward with mountainous terrain,Y Shape,Asphalt roads,Dry,Daylight,Normal,Vehicle with vehicle collision,2,1,Going straight,Driver or rider,Male,31-50,3,Driver,Normal,Not a Pedestrian,Changing lane to the left,Slight Injury
Monday,31-50,Male,Junior high school,Employee,1-2yr,Lorry (11?40Q),Owner,Unknown,No defect,Office areas,Undivided Two way,Tangent road with flat terrain,Y Shape,Asphalt roads,Dry,Daylight,Normal,Vehicle with vehicle collision,2,6,Going straight,Passenger,Female,31-50,3,Driver,Normal,Not a Pedestrian,Driving carelessly,Slight Injury
Sunday,18-30,Male,Junior high school,Employee,Above 10yr,Lorry (41?100Q),Owner,Unknown,No defect,School areas,Undivided Two way,Tangent road with flat terrain,No junction,Asphalt roads,Wet or damp,Daylight,Snow,Collision with roadside objects,2,1,Going straight,Driver or rider,Female,31-50,3,,,Not a Pedestrian,Driving carelessly,Slight Injury
Thursday,Unknown,Male,Junior high school,Owner,2-5yr,Automobile,Owner,Below 1yr,No defect,Other,Undivided Two way,Tangent road with flat terrain,,Asphalt roads,Dry,Daylight,Normal,Vehicle with vehicle collision,3,3,Going straight,na,na,na,na,Driver,Normal,Not a Pedestrian,Changing lane to the left,Slight Injury
Friday,31-50,Male,High school,Employee,5-10yr,Automobile,Governmental,Unknown,No defect,  Market areas,Undivided Two way,Tangent road with flat terrain,Y Shape,Asphalt roads,Dry,Daylight,Unknown,Vehicle with vehicle collision,2,1,Going straight,Pedestrian,Female,18-30,3,Driver,Normal,Crossing from offside - masked by  parked or statioNot a Pedestrianry vehicle,No priority to pedestrian,Slight Injury
Sunday,Under 18,Male,Elementary school,Employee,5-10yr,Public (13?45 seats),Owner,Above 10yr,,Other,Undivided Two way,Tangent road with flat terrain,,Earth roads,Dry,Darkness - lights lit,Normal,Vehicle with vehicle collision,3,1,Going straight,na,na,na,na,Driver,Normal,Not a Pedestrian,Driving carelessly,Slight Injury
Thursday,18-30,Male,Junior high school,Employee,1-2yr,,Governmental,Unknown,,Other,Two-way (divided with broken lines road marking),Tangent road with flat terrain,Y Shape,Asphalt roads,Wet or damp,Darkness - lights lit,Raining,Collision with roadside objects,2,5,Going straight,Pedestrian,Female,Under 18,3,Driver,Normal,Not a Pedestrian,Changing lane to the left,Slight Injury
Monday,Unknown,Male,Elementary school,Employee,1-2yr,Other,Owner,,,Residential areas,One way,Tangent road with flat terrain,Y Shape,Asphalt roads,Dry,Daylight,Normal,Vehicle with vehicle collision,2,2,Going straight,Driver or rider,Male,18-30,3,Driver,Normal,Not a Pedestrian,Changing lane to the right,Slight Injury
Friday,31-50,Male,Junior high school,Employee,5-10yr,Lorry (11?40Q),Owner,Unknown,, Church areas,Two-way (divided with broken lines road marking),Tangent road with flat terrain,No junction,Asphalt roads,Dry,Daylight,Normal,Vehicle with vehicle collision,3,3,Overtaking,na,na,na,na,Self-employed,Normal,Not a Pedestrian,No distancing,Slight Injury
Wednesday,18-30,Male,Elementary school,Employee,Below 1yr,Motorcycle,Owner,,No defect,Office areas,Two-way (divided with broken lines road marking),Tangent road with flat terrain,No junction,Asphalt roads,Dry,Daylight,Normal,Collision with roadside objects,3,3,Going straight,Driver or rider,Male,18-30,3,Driver,Normal,Not a Pedestrian,Other,Slight Injury
Monday,Under 18,Male,Junior high school,Employee,5-10yr,Public (> 45 seats),Owner,1-2yr,No defect,,Two-way (divided with broken lines road marking),Tangent road with flat terrain,Other,Asphalt roads,Dry,Daylight,Normal,Vehicle with vehicle collision,3,1,Getting off,Driver or rider,Male,31-50,3,Self-employed,Normal,Not a Pedestrian,Driving carelessly,Slight Injury
Saturday,18-30,Male,Junior high school,Employee,Below 1yr,Public (12 seats),,,, Church areas,Two-way (divided with broken lines road marking),Tangent road with flat terrain,No junction,Asphalt roads,Dry,Darkness - lights lit,Normal,Collision with pedestrians,6,2,Going straight,Driver or rider,Female,31-50,3,Self-employed,Normal,Not a Pedestrian,Driving carelessly,Slight Injury
Tuesday,18-30,Male,Junior high school,Employee,Below 1yr,,Governmental,Below 1yr,No defect, Outside rural areas,Undivided Two way,Tangent road with flat terrain,Y Shape,Asphalt roads,Dry,Daylight,Normal,Vehicle with vehicle collision,2,1,Entering a junction,Pedestrian,Male,Under 18,3,,,Crossing from driver's nearside,Moving Backward,Slight Injury
Wednesday,Unknown,Female,Junior high school,Employee,Above 10yr,Automobile,Owner,,No defect, Church areas,Undivided Two way,Tangent road with flat terrain,Crossing,Asphalt roads,Snow,Daylight,Normal,Vehicle with vehicle collision,4,2,Going straight,Passenger,Male,Under 18,3,Self-employed,Normal,Not a Pedestrian,Driving carelessly,Slight Injury
Monday,Over 51,Female,Elementary school,Employee,5-10yr,Lorry (41?100Q),Governmental,Above 10yr,No defect,Residential areas,other,Tangent road with flat terrain,,Asphalt roads,Dry,Darkness - no lighting,Normal,Collision with pedestrians,1,4,Going straight,na,na,na,na,Self-employed,Normal,Not a Pedestrian,Changing lane to the right,Serious Injury
Sunday,31-50,Male,Junior high school,Employee,Below 1yr,Automobile,Owner,,No defect,Other,One way,Tangent road with flat terrain,Y Shape,Asphalt roads,Dry,Darkness - lights lit,Normal,Vehicle with vehicle collision,2,1,Going straight,Pedestrian,Female,Over 51,3,Self-employed,Normal,Unknown or other,Changing lane to the right,Slight Injury
Saturday,31-50,Male,Junior high school,Employee,Above 10yr,Automobile,Owner,Above 10yr,,Other,other,Tangent road with flat terrain,No junction,Asphalt roads,Dry,Daylight,Normal,Vehicle with vehicle collision,2,1,Going straight,Passenger,Male,Over 51,3,Driver,Normal,Not a Pedestrian,Driving carelessly,Slight Injury
Monday,Under 18,Male,Junior high school,Employee,5-10yr,Lorry (41?100Q),Owner,2-5yrs,No defect,Other,Two-way (divided with broken lines road marking),Escarpments,Y Shape,Asphalt roads,Wet or damp,Daylight,Raining,Vehicle with vehicle collision,2,2,Other,na,na,na,na,Driver,Normal,Not a Pedestrian,No distancing,Slight Injury
Saturday,31-50,Male,Junior high school,Employee,1-2yr,Other,Owner,,No defect,Other,Two-way (divided with broken lines road marking),Tangent road with flat terrain,Crossing,Asphalt roads,Dry,Darkness - lights lit,Normal,Vehicle with vehicle collision,2,1,Going straight,Driver or rider,Male,18-30,3,Driver,Normal,Not a Pedestrian,Changing lane to the right,Slight Injury
Thursday,31-50,Male,Elementary school,Employee,1-2yr,Motorcycle,Owner,2-5yrs,No defect,Office areas,Two-way (divided with broken lines road marking),Tangent road with flat terrain,Y Shape,Asphalt roads,Dry,Darkness - lights lit,Normal,Vehicle with vehicle collision,1,2,Getting off,Driver or rider,Male,18-30,3,Driver,Normal,Not a Pedestrian,No priority to pedestrian,Slight Injury
Friday,31-50,Male,Junior high school,Employee,5-10yr,Automobile,Owner,5-10yrs,No defect, Industrial areas,Two-way (divided with broken lines road marking),Tangent road with mild grade and flat terrain,No junction,Asphalt roads,Dry,Daylight,Normal,Vehicle with vehicle collision,2,1,Going straight,Pedestrian,Female,18-30,3,Driver,Normal,Crossing from nearside - masked by parked or statioNot a Pedestrianry vehicle,No distancing,Slight Injury
Friday,Unknown,Male,Junior high school,Employee,Above 10yr,Stationwagen,Governmental,Unknown,,Other,Two-way (divided with broken lines road marking),Tangent road with flat terrain,Y Shape,Asphalt roads,Dry,Daylight,Other,Vehicle with vehicle collision,2,2,Other,Driver or rider,Male,18-30,3,Self-employed,Normal,Not a Pedestrian,Changing lane to the right,Slight Injury
Tuesday,31-50,Male,Junior high school,Employee,Below 1yr,Public (> 45 seats),Owner,5-10yrs,No defect,Office areas,Two-way (divided with broken lines road marking),Tangent road with flat terrain,Crossing,Asphalt roads,Dry,Daylight,Normal,Vehicle with vehicle collision,3,2,Going straight,Driver or rider,Female,31-50,3,,Normal,Not a Pedestrian,No distancing,Slight Injury
Saturday,18-30,Male,Junior high school,Employee,2-5yr,Lorry (41?100Q),Owner,,No defect,Other,One way,Tangent road with flat terrain,Crossing,Asphalt roads,Dry,Darkness - lights lit,Normal,Collision with animals,2,2,Going straight,Passenger,Female,18-30,3,Driver,Normal,Not a Pedestrian,No priority to pedestrian,Slight Injury
Sunday,18-30,Male,Junior high school,Employee,Above 10yr,Automobile,Owner,,No defect, Industrial areas,other,Tangent road with flat terrain,No junction,Asphalt roads,Dry,Daylight,Normal,Vehicle with vehicle collision,2,3,Going straight,Passenger,Female,Over 51,3,,Normal,Not a Pedestrian,Driving carelessly,Slight Injury
Wednesday,31-50,Male,Elementary school,Employee,2-5yr,Pick up upto 10Q,Owner,,No defect,Office areas,Two-way (divided with broken lines road marking),Tangent road with mild grade and flat terrain,Y Shape,Asphalt roads,Wet or damp,Daylight,Windy,Collision with roadside objects,2,1,Unknown,na,na,na,na,Driver,Normal,Not a Pedestrian,Overtaking,Serious Injury
Wednesday,18-30,Male,Junior high school,Employee,,Lorry (41?100Q),Owner,,No defect,Office areas,Two-way (divided with broken lines road marking),Tangent road with flat terrain,Y Shape,Asphalt roads,Dry,Daylight,Normal,Vehicle with vehicle collision,2,1,Going straight,Driver or rider,Male,18-30,3,Self-employed,Normal,Not a Pedestrian,Changing lane to the left,Slight Injury
Sunday,18-30,Male,Junior high school,Employee,2-5yr,Automobile,Governmental,,No defect,Office areas,Double carriageway (median),Tangent road with flat terrain,No junction,Asphalt roads,Dry,Daylight,Normal,Vehicle with vehicle collision,2,1,Getting off,Pedestrian,Female,Under 18,2,Driver,Normal,Crossing from nearside - masked by parked or statioNot a Pedestrianry vehicle,Other,Slight Injury
Tuesday,31-50,Male,Junior high school,Employee,5-10yr,Lorry (41?100Q),Owner,Above 10yr,,Other,Undivided Two way,Tangent road with flat terrain,No junction,Earth roads,Dry,Daylight,Normal,Collision with roadside objects,2,1,Going straight,na,na,na,na,Driver,Normal,Not a Pedestrian,Driving carelessly,Slight Injury
Sunday,Over 51,Male,Junior high school,Employee,Below 1yr,Stationwagen,Owner,Unknown,No defect,Other,Two-way (divided with broken lines road marking),Tangent road with flat terrain,,Asphalt roads,Wet or damp,Daylight,Raining,Vehicle with vehicle collision,2,1,Waiting to go,Driver or rider,Male,18-30,3,Driver,Normal,Not a Pedestrian,Changing lane to the left,Slight Injury
Monday,31-50,Male,Junior high school,Employee,5-10yr,Other,Owner,Unknown,No defect,Office areas,Undivided Two way,Tangent road with flat terrain,Y Shape,Asphalt roads,Wet or damp,Darkness - lights lit,Raining,Vehicle with vehicle collision,2,1,Turnover,na,na,na,na,Self-employed,Normal,Not a Pedestrian,No distancing,Slight Injury
Tuesday,18-30,Male,Junior high school,Employee,2-5yr,Automobile,Owner,,,Other,Undivided Two way,Tangent road with flat terrain,No junction,Asphalt roads,Wet or damp,Darkness - lights lit,Normal,Collision with roadside objects,1,1,Going straight,Driver or rider,Female,18-30,3,Self-employed,Normal,Not a Pedestrian,Driving carelessly,Serious Injury
Thursday,31-50,Male,Elementary school,Employee,1-2yr,Other,Owner,Unknown,No defect,Office areas,,Tangent road with flat terrain,Y Shape,Asphalt roads,Dry,Darkness - lights lit,Normal,Vehicle with vehicle collision,1,1,Other,Driver or rider,Male,31-50,3,Other,Normal,Not a Pedestrian,No distancing,Slight Injury
Monday,18-30,Male,Junior high school,Employee,Below 1yr,Automobile,Owner,2-5yrs,,Other,Undivided Two way,Tangent road with flat terrain,Crossing,Asphalt roads,Wet or damp,Darkness - lights lit,Normal,Collision with pedestrians,2,1,Turnover,na,na,na,na,,,Not a Pedestrian,Driving carelessly,Slight Injury
Friday,18-30,Male,Junior high school,Employee,5-10yr,Taxi,Owner,5-10yrs,No defect,Residential areas,One way,Tangent road with flat terrain,Crossing,,Dry,Darkness - lights lit,Unknown,Vehicle with vehicle collision,1,2,Turnover,Driver or rider,Male,18-30,2,Driver,Normal,Not a Pedestrian,No distancing,Serious Injury
Monday,18-30,Male,Junior high school,Employee,Below 1yr,Automobile,Owner,Above 10yr,No defect,Residential areas,Double carriageway (median),Tangent road with flat terrain,Crossing,Asphalt roads,Wet or damp,Darkness - lights lit,Normal,Collision with roadside objects,2,3,Going straight,Passenger,Female,Under 18,3,,Normal,Not a Pedestrian,Driving carelessly,Slight Injury
Tuesday,18-30,Male,High school,Employee,1-2yr,Other,Owner,,No defect,Office areas,Two-way (divided with broken lines road marking),Tangent road with mild grade and flat terrain,,Asphalt roads,Wet or damp,Darkness - lights lit,Windy,Vehicle with vehicle collision,2,1,Going straight,na,na,na,na,Employee,Normal,Not a Pedestrian,No distancing,Slight Injury
Sunday,31-50,Female,Junior high school,Employee,Above 10yr,Public (13?45 seats),Owner,,No defect,Office areas,Two-way (divided with broken lines road marking),Tangent road with flat terrain,Y Shape,Asphalt roads,Dry,Darkness - lights lit,Normal,Vehicle with vehicle collision,2,5,Going straight,Driver or rider,Male,18-30,3,,,Not a Pedestrian,Other,Slight Injury
Friday,18-30,Male,Elementary school,Employee,5-10yr,Long lorry,Owner,2-5yrs,,Other,Undivided Two way,Tangent road with flat terrain,Y Shape,Asphalt roads,Dry,Daylight,Normal,Vehicle with vehicle collision,2,1,Going straight,Passenger,Female,18-30,3,Driver,Normal,Not a Pedestrian,No distancing,Slight Injury
Wednesday,18-30,Male,Junior high school,Employee,Below 1yr,Long lorry,Owner,Below 1yr,,Other,Two-way (divided with broken lines road marking),Tangent road with flat terrain,No junction,Gravel roads,Wet or damp,Darkness - no lighting,Normal,Collision with roadside objects,2,2,Going straight,na,na,na,na,Driver,Normal,Not a Pedestrian,No priority to vehicle,Serious Injury
Thursday,Over 51,Male,Above high school,Employee,Below 1yr,Automobile,Owner,,No defect,Other,Two-way (divided with broken lines road marking),Tangent road with flat terrain,Y Shape,Asphalt roads,Wet or damp,Daylight,Normal,Vehicle with vehicle collision,2,1,Going straight,Passenger,Female,18-30,3,Other,Normal,Not a Pedestrian,Overloading,Serious Injury
Monday,18-30,Male,Junior high school,Employee,2-5yr,,Owner,,No defect,Office areas,Two-way (divided with broken lines road marking),Tangent road with mild grade and flat terrain,No junction,Asphalt roads,Dry,Daylight,Normal,Vehicle with vehicle collision,2,1,Moving Backward,Driver or rider,Male,18-30,2,Driver,Normal,Not a Pedestrian,No priority to pedestrian,Slight Injury
Monday,Unknown,Male,Elementary school,Employee,5-10yr,Stationwagen,Owner,1-2yr,No defect,Office areas,Undivided Two way,Tangent road with mild grade and flat terrain,Y Shape,Asphalt roads,Dry,Daylight,Normal,Vehicle with vehicle collision,1,1,Going straight,Driver or rider,Female,31-50,3,,,Not a Pedestrian,No distancing,Slight Injury
Monday,31-50,Male,Elementary school,Employee,5-10yr,Other,Owner,,No defect,Other,Two-way (divided with broken lines road marking),Tangent road with flat terrain,Crossing,Asphalt roads,Dry,Daylight,Normal,Vehicle with vehicle collision,2,1,Going straight,Driver or rider,Male,31-50,3,Driver,Normal,Not a Pedestrian,No distancing,Slight Injury
Sunday,Unknown,Male,Junior high school,Employee,2-5yr,,Owner,Above 10yr,No defect,Other,other,Tangent road with flat terrain,No junction,Asphalt roads,Dry,Daylight,Normal,Vehicle with vehicle collision,4,1,Other,Driver or rider,Female,18-30,3,Driver,Normal,Not a Pedestrian,No priority to vehicle,Slight Injury
Wednesday,Over 51,Male,High school,Owner,,Lorry (41?100Q),Owner,5-10yrs,No defect,School areas,other,Tangent road with flat terrain,Y Shape,Asphalt roads,Dry,Darkness - lights lit,Normal,Vehicle with vehicle collision,1,1,,Passenger,Female,18-30,3,Employee,Normal,Not a Pedestrian,Getting off the vehicle improperly,Slight Injury
Monday,31-50,Male,Junior high school,Employee,2-5yr,Lorry (41?100Q),Governmental,,No defect,Residential areas,other,Tangent road with flat terrain,Crossing,Asphalt roads,Dry,Daylight,Normal,Vehicle with vehicle collision,2,1,Reversing,Passenger,Female,Under 18,3,Self-employed,Normal,Not a Pedestrian,Other,Slight Injury
Saturday,31-50,Male,Above high school,Employee,1-2yr,Other,Owner,,,Other,Double carriageway (median),Tangent road with flat terrain,Y Shape,Asphalt roads,Wet or damp,Darkness - lights lit,Normal,Vehicle with vehicle collision,2,1,Moving Backward,na,na,na,na,,,Not a Pedestrian,Other,Slight Injury
Tuesday,Over 51,Male,Junior high school,Employee,Above 10yr,,Owner,,No defect,  Recreational areas,other,,Y Shape,Asphalt roads,Dry,Daylight,Normal,Vehicle with vehicle collision,2,1,Going straight,Driver or rider,Male,31-50,3,Driver,Normal,Not a Pedestrian,Moving Backward,Slight Injury
Tuesday,31-50,Male,Junior high school,Employee,Below 1yr,Automobile,Owner,Unknown,,Office areas,Undivided Two way,Tangent road with flat terrain,Y Shape,Asphalt roads,Dry,Daylight,Normal,Collision with roadside objects,3,3,Going straight,na,na,na,na,Driver,Normal,Not a Pedestrian,No distancing,Serious Injury
Tuesday,18-30,Female,Junior high school,Employee,Above 10yr,Public (13?45 seats),Organization,5-10yrs,,Residential areas,Two-way (divided with broken lines road marking),Tangent road with flat terrain,,Asphalt roads,Dry,Daylight,Normal,Rollover,2,2,Going straight,na,na,na,na,Driver,Normal,Not a Pedestrian,No distancing,Serious Injury
Monday,18-30,Male,,,,Public (13?45 seats),Owner,,No defect, Outside rural areas,Two-way (divided with broken lines road marking),Tangent road with flat terrain,Other,Asphalt roads,Dry,Daylight,Unknown,Vehicle with vehicle collision,2,1,Going straight,Pedestrian,Male,Under 18,3,Driver,Normal,Not a Pedestrian,Changing lane to the left,Slight Injury
Sunday,18-30,Male,Junior high school,Employee,2-5yr,,Owner,Unknown,No defect, Church areas,Two-way (divided with broken lines road marking),Tangent road with flat terrain,Y Shape,Asphalt roads,Wet or damp,Daylight,Other,Rollover,2,1,Going straight,Driver or rider,Female,18-30,3,Driver,Normal,Not a Pedestrian,Changing lane to the left,Slight Injury
Sunday,31-50,Male,Junior high school,Employee,2-5yr,,Owner,,,Office areas,Undivided Two way,Tangent road with flat terrain,No junction,Asphalt roads,Dry,Darkness - no lighting,Normal,Collision with roadside objects,2,1,Getting off,Driver or rider,Male,31-50,3,Driver,Normal,Not a Pedestrian,No priority to pedestrian,Slight Injury
Tuesday,Unknown,Male,Junior high school,Owner,5-10yr,,Organization,,,Residential areas,other,Tangent road with flat terrain,,Asphalt roads,Wet or damp,Daylight,Normal,Vehicle with vehicle collision,2,1,Going straight,na,na,na,na,Driver,Normal,Not a Pedestrian,Changing lane to the right,Slight Injury
Friday,31-50,Male,Junior high school,Employee,5-10yr,Automobile,Owner,2-5yrs,No defect,School areas,Undivided Two way,Tangent road with flat terrain,Y Shape,Asphalt roads,Dry,Daylight,Normal,Vehicle with vehicle collision,2,2,Going straight,Pedestrian,Male,Under 18,2,Driver,Normal,Unknown or other,No distancing,Slight Injury
Monday,31-50,Male,Above high school,Employee,1-2yr,Public (13?45 seats),,,,Other,Undivided Two way,Tangent road with flat terrain,Y Shape,Asphalt roads,Wet or damp,Daylight,Normal,Vehicle with vehicle collision,2,3,Going straight,na,na,na,na,Self-employed,Normal,Not a Pedestrian,No priority to vehicle,Slight Injury
Saturday,Over 51,Male,Junior high school,Employee,2-5yr,Pick up upto 10Q,Owner,,No defect,Other,Two-way (divided with broken lines road marking),Tangent road with flat terrain,Y Shape,Asphalt roads,Snow,Daylight,Snow,Collision with roadside objects,3,2,Going straight,Driver or rider,Female,Over 51,3,Self-employed,Normal,Not a Pedestrian,Driving carelessly,Slight Injury
Thursday,31-50,Male,Junior high school,Employee,1-2yr,Public (13?45 seats),Owner,Unknown,,Office areas,Two-way (divided with broken lines road marking),Tangent road with flat terrain,Y Shape,Asphalt roads,Dry,Daylight,Normal,Vehicle with vehicle collision,2,1,Other,na,na,na,na,,,Not a Pedestrian,Driving under the influence of drugs,Serious Injury
Monday,31-50,Male,Elementary school,Employee,Above 10yr,Automobile,Owner,,No defect,Office areas,Undivided Two way,Tangent road with flat terrain,Y Shape,Asphalt roads,Dry,Daylight,Normal,Vehicle with vehicle collision,4,1,Going straight,Pedestrian,Female,Over 51,3,Driver,Normal,Crossing from nearside - masked by parked or statioNot a Pedestrianry vehicle,Driving at high speed,Slight Injury
Wednesday,31-50,Male,High school,Employee,1-2yr,Lorry (41?100Q),Owner,2-5yrs,No defect,Residential areas,Undivided Two way,Steep grade downward with mountainous terrain,No junction,Asphalt roads,Wet or damp,Daylight,Other,Vehicle with vehicle collision,2,1,Going straight,Driver or rider,Male,31-50,3,Self-employed,Normal,Not a Pedestrian,No distancing,Slight Injury
Thursday,31-50,Male,Junior high school,Employee,Above 10yr,Automobile,Owner,,No defect, Church areas,Undivided Two way,Tangent road with flat terrain,Y Shape,Asphalt roads,Wet or damp,Darkness - lights lit,Normal,Vehicle with vehicle collision,4,3,Going straight,na,na,na,na,Self-employed,Normal,Not a Pedestrian,Driving carelessly,Slight Injury
Thursday,Unknown,Female,Writing & reading,Owner,5-10yr,Other,Owner,Unknown,,Office areas,Undivided Two way,Tangent road with flat terrain,No junction,Asphalt roads,Dry,Daylight,Normal,Collision with roadside objects,2,2,Getting off,na,na,na,na,Employee,Normal,Not a Pedestrian,Driving under the influence of drugs,Serious Injury
Thursday,Over 51,Male,Junior high school,Employee,Above 10yr,Lorry (41?100Q),Organization,1-2yr,, Church areas,,Tangent road with flat terrain,Unknown,Asphalt roads,Wet or damp,Darkness - lights lit,Raining,Collision with roadside objects,2,1,Going straight,na,na,na,na,Driver,Normal,Not a Pedestrian,No distancing,Serious Injury
Friday,Unknown,Male,High school,Employee,1-2yr,Lorry (11?40Q),Owner,,,Office areas,Two-way (divided with broken lines road marking),Tangent road with flat terrain,Y Shape,Asphalt roads,Dry,Darkness - lights lit,Unknown,Vehicle with vehicle collision,2,2,Other,Driver or rider,Male,31-50,3,Driver,Normal,Not a Pedestrian,No distancing,Slight Injury
Wednesday,31-50,Male,Junior high school,Owner,2-5yr,Other,Owner,Above 10yr,No defect, Church areas,Two-way (divided with broken lines road marking),Tangent road with flat terrain,Y Shape,Gravel roads,Wet or damp,Daylight,Raining and Windy,Vehicle with vehicle collision,2,2,Going straight,na,na,na,na,,,Not a Pedestrian,Driving carelessly,Slight Injury
Thursday,31-50,Male,Junior high school,Employee,Above 10yr,,Owner,2-5yrs,, Church areas,Undivided Two way,Tangent road with flat terrain,Y Shape,Asphalt roads,Dry,Daylight,Normal,Collision with roadside objects,3,3,Moving Backward,Driver or rider,Male,Over 51,3,Employee,Normal,Not a Pedestrian,Driving carelessly,Slight Injury
Friday,Under 18,Male,Junior high school,Employee,Below 1yr,Lorry (41?100Q),Owner,Unknown,No defect,Other,Two-way (divided with broken lines road marking),Tangent road with flat terrain,Crossing,Asphalt roads,Dry,Darkness - lights lit,Normal,Collision with pedestrians,2,1,Going straight,Pedestrian,Female,Over 51,2,Other,Normal,Not a Pedestrian,Changing lane to the right,Serious Injury