Day_of_week,Age_band_of_driver,Sex_of_driver,Educational_level,Vehicle_driver_relation,Driving_experience,Type_of_vehicle,Owner_of_vehicle,Service_year_of_vehicle,Defect_of_vehicle,Area_accident_occured,Lanes_or_Medians,Road_allignment,Types_of_Junction,Road_surface_type,Road_surface_conditions,Light_conditions,Weather_conditions,Type_of_collision,Number_of_vehicles_involved,Number_of_casualties,Vehicle_movement,Casualty_class,Sex_of_casualty,Age_band_of_casualty,Casualty_severity,Work_of_casuality,Fitness_of_casuality,Pedestrian_movement,Cause_of_accident,Accident_severity
Tuesday,Unknown,Male,Junior high school,Owner,5-10yr,Automobile,Owner,Above 10yr,No defect,Residential areas,Double carriageway (median),Tangent road with flat terrain,No junction,Asphalt roads,Dry,Daylight,Normal,Collision with pedestrians,2,1,Going straight,Pedestrian,Male,31-50,3,Self-employed,Normal,Not a Pedestrian,Driving carelessly,Slight Injury
Wednesday,31-50,Male,Junior high school,Employee,5-10yr,Pick up upto 10Q,Governmental,Above 10yr,,Other,Double carriageway (median),Tangent road with flat terrain,No junction,Asphalt roads,Dry,Daylight,Normal,Vehicle with vehicle collision,1,1,Other,Driver or rider,Female,31-50,3,Driver,Normal,Not a Pedestrian,Other,Slight Injury
Tuesday,18-30,Male,Junior high school,Employee,Above 10yr,Public (12 seats),Owner,,No defect,Other,Double carriageway (median),Tangent road with flat terrain,Y Shape,Asphalt roads,Dry,Daylight,Normal,Vehicle with vehicle collision,3,1,Moving Backward,Driver or rider,Male,31-50,3,,,Not a Pedestrian,Changing lane to the left,Slight Injury
Wednesday,31-50,Male,Above high school,Owner,1-2yr,Public (13?45 seats),Owner,Unknown,No defect,Residential areas,other,Tangent road with flat terrain,No junction,Asphalt roads,Wet or damp,Daylight,Normal,Collision with animals,3,1,Going straight,Driver or rider,Male,18-30,3,Driver,Normal,Not a Pedestrian,Moving Backward,Slight Injury
Wednesday,31-50,Male,Junior high school,Employee,Above 10yr,Public (12 seats),Owner,Unknown,,Residential areas,other,Tangent road with flat terrain,No junction,Asphalt roads,Dry,Daylight,Normal,Vehicle with vehicle collision,2,1,Going straight,Driver or rider,Male,18-30,3,Driver,Normal,Not a Pedestrian,Driving carelessly,Serious Injury
Tuesday,18-30,Male,Junior high school,Employee,5-10yr,Automobile,Owner,,No defect,,Undivided Two way,Tangent road with flat terrain,Y Shape,Other,Dry,Daylight,Normal,Vehicle with vehicle collision,2,1,Going straight,na,na,na,na,Driver,Normal,Not a Pedestrian,Moving Backward,Slight Injury
Saturday,18-30,Male,Junior high school,Employee,2-5yr,Public (> 45 seats),Governmental,Below 1yr,,Residential areas,Two-way (divided with broken lines road marking),Tangent road with flat terrain,Y Shape,Asphalt roads,Dry,Daylight,Normal,Vehicle with vehicle collision,3,4,Going straight,Driver or rider,Male,31-50,3,,,Not a Pedestrian,No priority to vehicle,Slight Injury
Monday,31-50,Male,Junior high school,Owner,Above 10yr,Public (> 45 seats),Owner,Above 10yr,No defect,Office areas,other,Tangent road with flat terrain,Y Shape,,Dry,Daylight,Normal,,2,1,Going straight,na,na,na,na,Driver,Normal,Not a Pedestrian,No priority to pedestrian,Slight Injury
Thursday,31-50,Male,Junior high school,Owner,Above 10yr,Public (12 seats),Owner,,,Other,Double carriageway (median),Tangent road with flat terrain,No junction,Asphalt roads,Dry,Daylight,Normal,Vehicle with vehicle collision,1,1,Going straight,Driver or rider,Male,18-30,3,Driver,Normal,Not a Pedestrian,No priority to vehicle,Slight Injury
Saturday,18-30,Male,Junior high school,Employee,2-5yr,Lorry (41?100Q),Owner,,No defect,Office areas,other,Tangent road with mountainous terrain and,No junction,Asphalt roads,Dry,Daylight,Normal,Vehicle with vehicle collision,2,1,Going straight,Driver or rider,Female,31-50,3,Driver,Normal,Not a Pedestrian,No distancing,Slight Injury
Saturday,31-50,Female,Junior high school,Employee,1-2yr,Stationwagen,Governmental,5-10yrs,,Other,other,Tangent road with flat terrain,,Asphalt roads,Dry,Daylight,Normal,Collision with roadside objects,2,1,Going straight,na,na,na,na,Driver,Normal,Not a Pedestrian,Changing lane to the left,Slight Injury
Friday,31-50,Male,Junior high school,Employee,2-5yr,Lorry (41?100Q),Owner,,No defect,Residential areas,Undivided Two way,Tangent road with flat terrain,Y Shape,Asphalt roads,Dry,Darkness - lights lit,Normal,Collision with roadside-parked vehicles,2,1,,na,na,na,na,Driver,Normal,Not a Pedestrian,Overturning,Slight Injury
Monday,18-30,Male,Junior high school,Employee,Above 10yr,Public (12 seats),Owner,Unknown,,Other,other,Tangent road with flat terrain,No junction,Asphalt roads,Dry,Daylight,Normal,Vehicle with vehicle collision,2,1,Going straight,Driver or rider,Male,18-30,2,,Normal,Not a Pedestrian,Changing lane to the right,Serious Injury
Friday,Over 51,Male,Junior high school,Owner,2-5yr,Automobile,Owner,5-10yrs,,Residential areas,Undivided Two way,Tangent road with flat terrain,,Asphalt roads,Dry,Daylight,Normal,Collision with animals,3,2,Going straight,Driver or rider,Male,18-30,3,,,Not a Pedestrian,No priority to pedestrian,Slight Injury
Sunday,31-50,Male,Junior high school,Employee,Below 1yr,Pick up upto 10Q,Owner,Above 10yr,No defect,Office areas,Two-way (divided with broken lines road marking),Sharp reverse curve,Y Shape,Asphalt roads,Dry,Daylight,Normal,Collision with roadside objects,3,2,Moving Backward,Passenger,Female,31-50,3,,,Not a Pedestrian,Other,Slight Injury
Friday,Under 18,Male,Junior high school,Employee,2-5yr,Public (12 seats),Owner,Unknown,No defect,Office areas,Two-way (divided with solid lines road marking),Tangent road with flat terrain,No junction,Asphalt roads,Dry,Daylight,Unknown,Vehicle with vehicle collision,2,1,Going straight,Pedestrian,Male,Over 51,3,,,Unknown or other,Changing lane to the left,Slight Injury
Tuesday,Under 18,Male,Elementary school,Employee,2-5yr,,Owner,,No defect,  Recreational areas,other,Tangent road with flat terrain,Y Shape,Asphalt roads,Dry,Daylight,Normal,Vehicle with vehicle collision,2,1,Going straight,Driver or rider,Female,18-30,3,Driver,Normal,Not a Pedestrian,No priority to pedestrian,Slight Injury
Thursday,31-50,Male,Junior high school,Owner,2-5yr,Automobile,Owner,Above 10yr,No defect, Hospital areas,Two-way (divided with broken lines road marking),Tangent road with flat terrain,No junction,Asphalt roads,Dry,Daylight,Normal,Collision with animals,1,4,Moving Backward,Pedestrian,Female,31-50,3,,,Crossing from driver's nearside,Changing lane to the right,Slight Injury
Friday,Unknown,Female,Junior high school,Employee,5-10yr,Stationwagen,Owner,Unknown,,Office areas,Two-way (divided with broken lines road marking),Tangent road with flat terrain,Y Shape,Asphalt roads,Wet or damp,Darkness - lights lit,Raining,Vehicle with vehicle collision,2,1,Going straight,Driver or rider,Male,31-50,3,Driver,Normal,Not a Pedestrian,No distancing,Slight Injury
Sunday,Under 18,Male,Junior high school,Employee,Below 1yr,Pick up upto 10Q,Governmental,1-2yr,No defect,Other,Double carriageway (median),Tangent road with flat terrain,Y Shape,Asphalt roads,Dry,Daylight,Normal,Collision with roadside objects,2,1,Going straight,Driver or rider,Female,31-50,3,,,Not a Pedestrian,No distancing,Slight Injury
Friday,31-50,Male,Junior high school,Employee,1-2yr,,Owner,Unknown,No defect,Other,Two-way (divided with broken lines road marking),Tangent road with flat terrain,Crossing,Asphalt roads,Wet or damp,Daylight,Normal,Collision with pedestrians,2,1,Going straight,na,na,na,na,Driver,,Not a Pedestrian,Changing lane to the left,Slight Injury
Friday,31-50,Male,Junior high school,Employee,2-5yr,,Owner,,No defect,Office areas,Undivided Two way,Tangent road with flat terrain,Y Shape,Asphalt roads,Dry,Daylight,Normal,Vehicle with vehicle collision,1,2,Going straight,Driver or rider,Male,31-50,3,,,Not a Pedestrian,Getting off the vehicle improperly,Slight Injury
Monday,Unknown,Female,Junior high school,Employee,1-2yr,Other,Owner,Unknown,No defect, Church areas,Double carriageway (median),Tangent road with mild grade and flat terrain,O Shape,Asphalt roads,Dry,Darkness - lights lit,Normal,Vehicle with vehicle collision,2,3,Going straight,Driver or rider,Male,31-50,3,Employee,Normal,Not a Pedestrian,Driving under the influence of drugs,Slight Injury
Sunday,31-50,Male,Elementary school,Employee,5-10yr,Other,Owner,,No defect,Other,Double carriageway (median),Tangent road with flat terrain,Y Shape,Asphalt roads,Dry,Daylight,Normal,Vehicle with vehicle collision,1,1,Going straight,na,na,na,na,Driver,Normal,Not a Pedestrian,Changing lane to the left,Slight Injury
Tuesday,31-50,Male,High school,Employee,1-2yr,Taxi,Owner,,No defect, Church areas,One way,Tangent road with flat terrain,No junction,,Dry,Daylight,Normal,Vehicle with vehicle collision,2,1,Going straight,Driver or rider,Male,18-30,3,Driver,Normal,Not a Pedestrian,No distancing,Slight Injury
Saturday,18-30,Male,Elementary school,Employee,Above 10yr,Automobile,Owner,5-10yrs,No defect, Church areas,Unknown,Tangent road with mountainous terrain and,Crossing,Asphalt roads,Dry,Daylight,Normal,Vehicle with vehicle collision,2,1,Going straight,Driver or rider,Male,5,3,Other,Normal,Not a Pedestrian,No distancing,Slight Injury
Wednesday,31-50,Male,,Owner,Below 1yr,,Owner,,, Church areas,other,Tangent road with flat terrain,Crossing,Asphalt roads,Dry,Darkness - lights lit,Normal,Vehicle with vehicle collision,2,1,Going straight,Driver or rider,Male,18-30,3,Self-employed,Normal,Not a Pedestrian,Changing lane to the left,Serious Injury
Friday,18-30,Male,Junior high school,Employee,1-2yr,Pick up upto 10Q,Owner,Unknown,No defect,School areas,,Tangent road with flat terrain,Y Shape,Asphalt roads,Wet or damp,Daylight,Normal,Vehicle with vehicle collision,3,2,Going straight,Driver or rider,Male,18-30,3,Driver,Normal,Not a Pedestrian,No priority to vehicle,Slight Injury
Wednesday,31-50,Male,High school,Owner,2-5yr,Stationwagen,Owner,5-10yrs,,Other,Undivided Two way,Tangent road with flat terrain,No junction,Asphalt roads,Snow,Daylight,Normal,Collision with pedestrians,4,2,Going straight,Driver or rider,Male,31-50,3,,,Not a Pedestrian,No priority to pedestrian,Slight Injury
Wednesday,18-30,Male,Junior high school,Employee,1-2yr,Automobile,Owner,Unknown,No defect,Other,One way,Tangent road with flat terrain,Y Shape,Asphalt roads,Wet or damp,Darkness - lights lit,Raining,Vehicle with vehicle collision,2,1,Other,Driver or rider,Male,18-30,3,Driver,Normal,Not a Pedestrian,No distancing,Slight Injury
Tuesday,31-50,Male,Junior high school,Owner,Above 10yr,Public (> 45 seats),Owner,,,School areas,Two-way (divided with broken lines road marking),Tangent road with flat terrain,Y Shape,Asphalt roads,Dry,Daylight,Normal,Vehicle with vehicle collision,2,1,Other,Driver or rider,Female,18-30,3,Driver,Normal,Not a Pedestrian,Changing lane to the left,Slight Injury
Wednesday,31-50,Male,,Owner,,Other,Owner,2-5yrs,,Other,Two-way (divided with broken lines road marking),Tangent road with flat terrain,Y Shape,Asphalt roads,Wet or damp,Daylight,Raining,Vehicle with vehicle collision,3,1,Going straight,na,na,na,na,Driver,Normal,Not a Pedestrian,Moving Backward,Slight Injury
Thursday,31-50,Male,High school,Employee,1-2yr,Taxi,Governmental,Below 1yr,No defect,Residential areas,Undivided Two way,Tangent road with flat terrain,Y Shape,Asphalt roads,Dry,Daylight,Normal,Vehicle with vehicle collision,4,2,Moving Backward,Driver or rider,Male,18-30,3,,Normal,Not a Pedestrian,Overtaking,Slight Injury
Thursday,Over 51,Male,Junior high school,Employee,5-10yr,Automobile,,,,Residential areas,Undivided Two way,Tangent road with flat terrain,Crossing,Asphalt roads,Dry,Daylight,Normal,Vehicle with vehicle collision,2,2,Going straight,na,na,na,na,Self-employed,Normal,Not a Pedestrian,Changing lane to the left,Slight Injury
Sunday,Over 51,Male,Junior high school,Employee,2-5yr,Automobile,Governmental,5-10yrs,No defect,Other,Undivided Two way,Tangent road with flat terrain,Y Shape,Asphalt roads,Wet or damp,Daylight,Normal,Collision with animals,1,1,Going straight,Passenger,Female,Over 51,3,Employee,,Not a Pedestrian,Other,Slight Injury
Saturday,18-30,Male,Junior high school,Employee,5-10yr,Public (12 seats),Owner,2-5yrs,No defect,Other,Two-way (divided with broken lines road marking),Tangent road with flat terrain,,Asphalt roads,Dry,Daylight,Normal,Vehicle with vehicle collision,2,1,Going straight,na,na,na,na,Driver,Normal,Not a Pedestrian,Driving under the influence of drugs,Slight Injury
Thursday,31-50,Male,Junior high school,Employee,Above 10yr,Automobile,Owner,1-2yr,,Office areas,Undivided Two way,Tangent road with mountainous terrain and,No junction,Asphalt roads,Wet or damp,Daylight,Windy,Vehicle with vehicle collision,2,1,Going straight,na,na,na,na,Driver,Normal,Not a Pedestrian,No priority to vehicle,Serious Injury
Saturday,31-50,Male,Junior high school,Employee,2-5yr,Public (13?45 seats),,,No defect,Office areas,Undivided Two way,Tangent road with mountainous terrain and,No junction,Asphalt roads,Dry,Daylight,Normal,Vehicle with vehicle collision,3,2,Going straight,Passenger,Female,Over 51,3,,,Not a Pedestrian,Changing lane to the left,Slight Injury
Wednesday,31-50,Male,Junior high school,Employee,5-10yr,Automobile,Owner,5-10yrs,No defect,Residential areas,One way,Tangent road with flat terrain,No junction,Asphalt roads,Dry,Daylight,Normal,Vehicle with vehicle collision,1,2,Going straight,na,na,na,na,Driver,Normal,Not a Pedestrian,Driving under the influence of drugs,Slight Injury
Wednesday,18-30,Male,Elementary school,Employee,2-5yr,Lorry (41?100Q),Owner,1-2yr,No defect,Other,other,Steep grade downward with mountainous terrain,Crossing,Asphalt roads,Dry,Daylight,Normal,Vehicle with vehicle collision,2,2,Other,na,na,na,na,,,Not a Pedestrian,No distancing,Slight Injury
Tuesday,Unknown,Male,Junior high school,Employee,Above 10yr,Bajaj,Owner,2-5yrs,No defect, Outside rural areas,Undivided Two way,Tangent road with mountainous terrain and,Y Shape,Asphalt roads,Dry,Daylight,Normal,Vehicle with vehicle collision,3,2,Going straight,na,na,na,na,Driver,Normal,Not a Pedestrian,No priority to pedestrian,Slight Injury
Monday,31-50,Male,Junior high school,Employee,2-5yr,Public (12 seats),Owner,,No defect, Church areas,Undivided Two way,Tangent road with flat terrain,O Shape,Asphalt roads,Dry,Daylight,Normal,Collision with pedestrians,2,1,Going straight,na,na,na,na,Self-employed,Normal,Not a Pedestrian,No distancing,Slight Injury
Tuesday,Unknown,Male,Writing & reading,Owner,5-10yr,Automobile,,,,Other,Undivided Two way,Tangent road with flat terrain,Y Shape,Earth roads,Dry,Daylight,Normal,Vehicle with vehicle collision,1,1,Going straight,Driver or rider,Female,18-30,3,,Normal,Not a Pedestrian,Changing lane to the left,Slight Injury
Thursday,18-30,Male,High school,Employee,2-5yr,Other,Owner,,,Office areas,Undivided Two way,Tangent road with flat terrain,No junction,Asphalt roads,Dry,Daylight,Normal,Vehicle with vehicle collision,2,2,Entering a junction,na,na,na,na,Self-employed,Normal,Not a Pedestrian,Other,Slight Injury
Friday,18-30,Male,Elementary school,Employee,5-10yr,,Owner,Above 10yr,No defect,Residential areas,other,Tangent road with flat terrain,Crossing,Asphalt roads,Dry,Darkness - lights lit,Unknown,Vehicle with vehicle collision,1,2,Going straight,Driver or rider,Male,18-30,3,Driver,Normal,Not a Pedestrian,Driving carelessly,Serious Injury
Tuesday,18-30,Male,Junior high school,Employee,Below 1yr,Stationwagen,Owner,,No defect, Hospital areas,One way,Tangent road with flat terrain,No junction,Asphalt roads,Dry,Daylight,Normal,,2,4,Moving Backward,Driver or rider,Male,Over 51,3,,,Not a Pedestrian,Changing lane to the left,Slight Injury
Monday,18-30,Male,Elementary school,Employee,5-10yr,Other,Owner,Above 10yr,No defect,Other,other,Tangent road with flat terrain,Crossing,Asphalt roads,Dry,Daylight,Normal,Rollover,2,1,Going straight,Driver or rider,Male,18-30,3,Driver,Normal,Not a Pedestrian,Getting off the vehicle improperly,Serious Injury
Saturday,31-50,Male,Junior high school,Employee,Above 10yr,Public (12 seats),Owner,Unknown,No defect,Residential areas,Two-way (divided with broken lines road marking),Steep grade downward with mountainous terrain,Other,Asphalt roads,Dry,Daylight,Normal,Vehicle with vehicle collision,2,1,,Driver or rider,Male,18-30,3,Driver,Normal,Not a Pedestrian,Overspeed,Slight Injury
Wednesday,Over 51,Male,Writing & reading,Employee,Below 1yr,Pick up upto 10Q,Owner,Unknown,,Office areas,One way,Tangent road with flat terrain,Y Shape,Asphalt roads,Dry,Daylight,Normal,Vehicle with vehicle collision,3,1,Going straight,Driver or rider,Male,18-30,3,Driver,Normal,Not a Pedestrian,Changing lane to the right,Slight Injury
Friday,18-30,Male,Junior high school,Employee,Above 10yr,Pick up upto 10Q,Owner,Unknown,No defect,  Recreational areas,One way,Tangent road with flat terrain,No junction,Asphalt roads,Dry,Daylight,Normal,Vehicle with vehicle collision,1,1,Moving Backward,Driver or rider,Male,18-30,3,Self-employed,Normal,Not a Pedestrian,Driving carelessly,Slight Injury
Monday,Over 51,Male,Junior high school,Employee,5-10yr,Automobile,Owner,Unknown,No defect,  Recreational areas,One way,Tangent road with flat terrain,Other,Asphalt roads,Dry,Daylight,Normal,Vehicle with vehicle collision,1,1,Going straight,Driver or rider,Male,18-30,3,,Normal,Not a Pedestrian,Changing lane to the left,Slight Injury
Thursday,31-50,Male,Elementary school,Employee,2-5yr,Other,Organization,2-5yrs,,Office areas,Two-way (divided with broken lines road marking),Tangent road with mountainous terrain and,,Earth roads,Dry,Daylight,Normal,Vehicle with vehicle collision,2,1,Going straight,Pedestrian,Female,31-50,2,Driver,Normal,Not a Pedestrian,No distancing,Serious Injury
Friday,Over 51,Male,Junior high school,Employee,Above 10yr,Automobile,Owner,,No defect,Office areas,Undivided Two way,Tangent road with flat terrain,Y Shape,Asphalt roads,Dry,Daylight,Normal,Vehicle with vehicle collision,2,1,Other,Driver or rider,Male,18-30,3,Driver,Normal,Not a Pedestrian,Moving Backward,Slight Injury
Tuesday,Under 18,Male,Junior high school,Employee,,Pick up upto 10Q,Owner,Above 10yr,No defect,Residential areas,Two-way (divided with broken lines road marking),Tangent road with flat terrain,Y Shape,Asphalt roads,Wet or damp,Darkness - lights lit,Raining,Vehicle with vehicle collision,2,2,Going straight,Driver or rider,Male,18-30,3,Driver,Normal,Not a Pedestrian,No priority to vehicle,Slight Injury
Wednesday,Over 51,Male,Junior high school,Employee,5-10yr,Long lorry,Owner,,No defect,Office areas,Two-way (divided with broken lines road marking),Tangent road with flat terrain,Y Shape,Asphalt roads,Snow,Daylight,Snow,Vehicle with vehicle collision,2,1,Moving Backward,Driver or rider,Male,31-50,3,Driver,Normal,Not a Pedestrian,Driving carelessly,Slight Injury
Monday,31-50,Male,High school,Employee,2-5yr,Automobile,Organization,Above 10yr,, Hospital areas,Two-way (divided with broken lines road marking),Tangent road with flat terrain,Y Shape,Asphalt roads,Wet or damp,Daylight,Raining,Collision with roadside objects,2,1,Going straight,na,na,na,na,Self-employed,Normal,Not a Pedestrian,Driving carelessly,Slight Injury
Wednesday,31-50,Male,Junior high school,Employee,1-2yr,Lorry (41?100Q),Owner,,No defect,Office areas,Two-way (divided with broken lines road marking),Tangent road with flat terrain,No junction,Asphalt roads,Wet or damp,Darkness - lights lit,Other,Vehicle with vehicle collision,2,3,Going straight,Driver or rider,Male,31-50,3,,,Not a Pedestrian,Changing lane to the left,Slight Injury
Saturday,Unknown,Female,Elementary school,Employee,2-5yr,Lorry (11?40Q),Owner,Unknown,No defect,Other,Two-way (divided with broken lines road marking),Steep grade downward with mountainous terrain,Y Shape,Asphalt roads,Dry,Daylight,Cloudy,Vehicle with vehicle collision,2,2,Going straight,Driver or rider,Male,Over 51,3,Self-employed,Normal,Not a Pedestrian,Overtaking,Slight Injury
Friday,Unknown,Male,Elementary school,Other,Above 10yr,,Owner,2-5yrs,,Office areas,Double carriageway (median),Tangent road with flat terrain,Crossing,Asphalt roads,Dry,Darkness - lights lit,Normal,Vehicle with vehicle collision,2,1,Going straight,Driver or rider,Male,5,3,Driver,Normal,Not a Pedestrian,Changing lane to the left,Slight Injury
Thursday,18-30,Male,Junior high school,Employee,1-2yr,Lorry (41?100Q),Owner,2-5yrs,No defect,Other,other,Tangent road with flat terrain,Y Shape,Asphalt roads,Dry,Daylight,Normal,Vehicle with vehicle collision,2,1,Going straight,Driver or rider,Male,18-30,3,,,Not a Pedestrian,Changing lane to the right,Slight Injury
Friday,18-30,Male,Junior high school,Employee,2-5yr,Automobile,Owner,1-2yr,No defect, Industrial areas,One way,Tangent road with flat terrain,Y Shape,Asphalt roads,Dry,Daylight,Normal,Collision with pedestrians,2,1,Going straight,Pedestrian,Male,Over 51,3,Driver,Normal,Not a Pedestrian,No priority to vehicle,Slight Injury
Saturday,31-50,Male,Junior high school,Employee,5-10yr,Public (> 45 seats),Owner,Unknown,No defect,  Recreational areas,One way,Tangent road with flat terrain,No junction,Asphalt roads,Dry,Daylight,Other,Vehicle with vehicle collision,2,1,Moving Backward,na,na,na,na,,Normal,Not a Pedestrian,No priority to vehicle,Slight Injury
Friday,18-30,Male,Junior high school,Employee,5-10yr,Public (12 seats),Owner,,,Other,Two-way (divided with broken lines road marking),Tangent road with flat terrain,Y Shape,Asphalt roads,Dry,Daylight,Normal,Vehicle with vehicle collision,1,1,Going straight,na,na,na,na,Student,Normal,Not a Pedestrian,No priority to vehicle,Serious Injury
Sunday,18-30,Male,Junior high school,Employee,5-10yr,Public (> 45 seats),Owner,1-2yr,No defect, Hospital areas,Undivided Two way,Tangent road with flat terrain,Crossing,Asphalt roads,Wet or damp,Daylight,Raining,Collision with roadside objects,2,1,Going straight,na,na,na,na,Driver,Normal,Not a Pedestrian,Changing lane to the right,Slight Injury
Thursday,31-50,Male,Junior high school,Owner,5-10yr,Pick up upto 10Q,Owner,2-5yrs,No defect,Other,Two-way (divided with broken lines road marking),Tangent road with flat terrain,No junction,Asphalt roads,Dry,Darkness - lights lit,Normal,Vehicle with vehicle collision,2,1,Going straight,na,na,na,na,Employee,Normal,Not a Pedestrian,Changing lane to the left,Slight Injury
Thursday,18-30,Male,,Owner,,Ridden horse,Governmental,Below 1yr,No defect,Residential areas,Undivided Two way,Tangent road with flat terrain,,Asphalt roads,Dry,Darkness - lights lit,Normal,Collision with roadside objects,1,3,Entering a junction,Driver or rider,Male,5,3,Self-employed,,Not a Pedestrian,No priority to vehicle,Slight Injury
Saturday,Under 18,Male,Junior high school,Employee,5-10yr,Automobile,Owner,Above 10yr,No defect,Residential areas,Two-way (divided with broken lines road marking),Tangent road with flat terrain,Y Shape,Asphalt roads,Dry,Daylight,Normal,Vehicle with vehicle collision,2,1,Going straight,na,na,na,na,Self-employed,Normal,Not a Pedestrian,Changing lane to the right,Slight Injury
Saturday,31-50,Male,Elementary school,Employee,5-10yr,Automobile,Owner,,,Office areas,Two-way (divided with broken lines road marking),Tangent road with flat terrain,Y Shape,Asphalt roads,Dry,Daylight,Normal,Vehicle with vehicle collision,2,1,Moving Backward,Driver or rider,Male,18-30,3,Self-employed,Normal,Not a Pedestrian,Moving Backward,Slight Injury
Monday,Over 51,Male,Junior high school,Employee,5-10yr,Automobile,Owner,1-2yr,No defect,Office areas,Undivided Two way,Escarpments,Y Shape,Asphalt roads,Dry,Daylight,Normal,Vehicle with vehicle collision,2,3,Other,Pedestrian,Female,31-50,3,,,Unknown or other,No priority to pedestrian,Slight Injury
Thursday,Unknown,Male,Junior high school,Employee,5-10yr,Automobile,Owner,Above 10yr,No defect,Residential areas,Two-way (divided with broken lines road marking),Tangent road with flat terrain,No junction,Asphalt roads,Dry,Daylight,Normal,Vehicle with vehicle collision,2,1,Getting off,Driver or rider,Male,18-30,3,Self-employed,Normal,Not a Pedestrian,Changing lane to the right,Slight Injury
Wednesday,Unknown,Male,Junior high school,Owner,2-5yr,Pick up upto 10Q,Owner,2-5yrs,No defect,Residential areas,Two-way (divided with broken lines road marking),Gentle horizontal curve,,Earth roads,Dry,Daylight,Normal,Collision with pedestrians,1,1,Going straight,Pedestrian,Female,18-30,3,Driver,Normal,Unknown or other,Changing lane to the right,Serious Injury
Monday,Unknown,Male,Elementary school,Employee,1-2yr,Automobile,Owner,,,Other,Two-way (divided with broken lines road marking),Tangent road with flat terrain,Y Shape,Gravel roads,Dry,Daylight,Normal,Vehicle with vehicle collision,2,1,Going straight,na,na,na,na,Driver,,Not a Pedestrian,Driving carelessly,Slight Injury
Thursday,Unknown,Male,Junior high school,Employee,5-10yr,Lorry (11?40Q),,,,Office areas,other,Tangent road with flat terrain,Y Shape,Gravel roads,Wet or damp,Darkness - lights lit,Other,Vehicle with vehicle collision,2,1,Going straight,na,na,na,na,Self-employed,Normal,Not a Pedestrian,Changing lane to the right,Slight Injury
Tuesday,18-30,Male,Junior high school,Employee,Above 10yr,Public (12 seats),Owner,Unknown,No defect,Other,Two-way (divided with broken lines road marking),Tangent road with flat terrain,Y Shape,Asphalt roads,Dry,Daylight,Normal,Vehicle with vehicle collision,3,3,Going straight,na,na,na,na,Driver,Normal,Not a Pedestrian,No distancing,Slight Injury
Sunday,18-30,Male,Junior high school,Employee,Above 10yr,Public (> 45 seats),Owner,,,Office areas,Undivided Two way,Tangent road with flat terrain,Y Shape,Asphalt roads with some distress,Wet or damp,Darkness - lights lit,Unknown,Vehicle with vehicle collision,1,1,Moving Backward,na,na,na,na,Driver,Normal,Not a Pedestrian,Moving Backward,Serious Injury
Sunday,Under 18,Male,Elementary school,Employee,5-10yr,Public (13?45 seats),Owner,,No defect,Office areas,Two-way (divided with broken lines road marking),Tangent road with flat terrain,,Asphalt roads,Dry,Daylight,Normal,Vehicle with vehicle collision,1,2,Entering a junction,Pedestrian,Female,18-30,3,,,Unknown or other,Driving under the influence of drugs,Serious Injury
Sunday,31-50,Male,Elementary school,Employee,,Other,Owner,Unknown,,Other,,Tangent road with flat terrain,,Asphalt roads,Dry,Daylight,Normal,Vehicle with vehicle collision,2,3,Other,Passenger,Male,5,3,,Normal,Not a Pedestrian,No priority to vehicle,Slight Injury
Tuesday,31-50,Male,High school,Employee,2-5yr,,Owner,Unknown,No defect,Other,Two-way (divided with broken lines road marking),Tangent road with flat terrain,No junction,Asphalt roads,Dry,Darkness - lights lit,Normal,Vehicle with vehicle collision,2,1,Going straight,Driver or rider,Female,18-30,2,Self-employed,Normal,Not a Pedestrian,No distancing,Slight Injury
Wednesday,18-30,Male,Elementary school,Owner,2-5yr,Public (> 45 seats),Owner,2-5yrs,,Office areas,Undivided Two way,Tangent road with flat terrain,Crossing,Asphalt roads,Dry,Daylight,Cloudy,Vehicle with vehicle collision,2,1,Going straight,Driver or rider,Female,18-30,1,,,Not a Pedestrian,No distancing,Slight Injury
Sunday,31-50,Male,Junior high school,Employee,2-5yr,Other,Owner,5-10yrs,,Other,One way,Tangent road with flat terrain,Crossing,Asphalt roads,Dry,Darkness - lights lit,Normal,Vehicle with vehicle collision,2,2,Other,Driver or rider,Male,Under 18,3,Other,Normal,Not a Pedestrian,Moving Backward,Slight Injury
Thursday,18-30,Male,Elementary school,Employee,5-10yr,Lorry (41?100Q),Owner,Unknown,,Other,Two-way (divided with broken lines road marking),Tangent road with flat terrain,No junction,Asphalt roads,Dry,Daylight,Normal,Vehicle with vehicle collision,2,4,Moving Backward,na,na,na,na,Driver,Normal,Not a Pedestrian,Overloading,Slight Injury
Wednesday,18-30,Male,Junior high school,Employee,Below 1yr,Automobile,Owner,Unknown,No defect,  Recreational areas,Two-way (divided with broken lines road marking),Tangent road with flat terrain,T Shape,Asphalt roads,Dry,Daylight,Normal,Vehicle with vehicle collision,2,2,Going straight,Pedestrian,Male,31-50,3,Driver,Normal,Unknown or other,Moving Backward,Slight Injury
Wednesday,Under 18,Male,Junior high school,Employee,Above 10yr,Automobile,Owner,,,Office areas,Undivided Two way,Tangent road with flat terrain,No junction,Asphalt roads,Dry,Daylight,Normal,Vehicle with vehicle collision,1,1,Moving Backward,Passenger,Female,18-30,3,Driver,Normal,Not a Pedestrian,Moving Backward,Slight Injury