Day_of_week,Age_band_of_driver,Sex_of_driver,Educational_level,Vehicle_driver_relation,Driving_experience,Type_of_vehicle,Owner_of_vehicle,Service_year_of_vehicle,Defect_of_vehicle,Area_accident_occured,Lanes_or_Medians,Road_allignment,Types_of_Junction,Road_surface_type,Road_surface_conditions,Light_conditions,Weather_conditions,Type_of_collision,Number_of_vehicles_involved,Number_of_casualties,Vehicle_movement,Casualty_class,Sex_of_casualty,Age_band_of_casualty,Casualty_severity,Work_of_casuality,Fitness_of_casuality,Pedestrian_movement,Cause_of_accident,Accident_severity
Monday,Unknown,Female,Elementary school,Employee,5-10yr,Lorry (41?100Q),Owner,Below 1yr,No defect,Residential areas,Two-way (divided with broken lines road marking),Tangent road with flat terrain,Y Shape,Asphalt roads,Dry,Darkness - lights lit,Unknown,Vehicle with vehicle collision,2,2,Getting off,na,na,na,na,,,Not a Pedestrian,No priority to vehicle,Slight Injury
Tuesday,18-30,Male,Writing & reading,Employee,Below 1yr,Taxi,Owner,Unknown,No defect,Other,Two-way (divided with broken lines road marking),Tangent road with flat terrain,Y Shape,Asphalt roads,Dry,Daylight,Normal,Vehicle with vehicle collision,2,1,Going straight,Driver or rider,Male,31-50,3,Driver,Normal,Not a Pedestrian,No distancing,Slight Injury
Thursday,Over 51,Male,Junior high school,Employee,5-10yr,Lorry (41?100Q),Governmental,Unknown,,Office areas,One way,Tangent road with flat terrain,Y Shape,Asphalt roads,Dry,Daylight,Normal,Vehicle with vehicle collision,2,1,Stopping,na,na,na,na,Self-employed,Normal,Not a Pedestrian,No distancing,Slight Injury
Thursday,18-30,Male,Elementary school,Owner,2-5yr,Lorry (41?100Q),Owner,Unknown,No defect,Other,Undivided Two way,Tangent road with flat terrain,No junction,Asphalt roads,Wet or damp,Daylight,Normal,Vehicle with vehicle collision,2,1,Going straight,Driver or rider,Male,18-30,3,Driver,Normal,Not a Pedestrian,Driving carelessly,Slight Injury
Friday,Over 51,Male,High school,Employee,1-2yr,Stationwagen,Owner,5-10yrs,,Other,Two-way (divided with broken lines road marking),Tangent road with flat terrain,Crossing,Asphalt roads,Dry,Darkness - lights lit,Normal,Rollover,2,1,Going straight,na,na,na,na,Driver,Normal,Not a Pedestrian,No priority to vehicle,Slight Injury
Friday,18-30,Male,Elementary school,Employee,Below 1yr,Lorry (41?100Q),,,,Office areas,other,Tangent road with mountainous terrain and,,Asphalt roads with some distress,Dry,Daylight,Normal,,6,2,Going straight,na,na,na,na,Driver,Normal,Not a Pedestrian,Driving carelessly,Serious Injury
Saturday,Unknown,Male,Junior high school,Employee,Above 10yr,Automobile,Owner,,No defect,Other,Two-way (divided with broken lines road marking),Tangent road with flat terrain,Y Shape,Gravel roads,Dry,Darkness - lights lit,Normal,Collision with animals,4,1,Going straight,Driver or rider,Male,31-50,3,Driver,Normal,Not a Pedestrian,Driving at high speed,Slight Injury
Saturday,Over 51,Female,Junior high school,Employee,Below 1yr,Pick up upto 10Q,Owner,Unknown,,Office areas,Undivided Two way,Tangent road with flat terrain,,Asphalt roads,Dry,Daylight,Normal,Vehicle with vehicle collision,2,1,Reversing,Pedestrian,Female,31-50,3,Driver,Normal,Crossing from nearside - masked by parked or statioNot a Pedestrianry vehicle,Other,Slight Injury
Friday,Unknown,Female,Junior high school,Owner,5-10yr,Lorry (41?100Q),Owner,Unknown,,Other,Two-way (divided with broken lines road marking),Tangent road with flat terrain,No junction,Asphalt roads,Dry,Darkness - lights lit,Normal,Vehicle with vehicle collision,4,1,Going straight,Driver or rider,Male,18-30,3,Driver,Normal,Not a Pedestrian,Moving Backward,Slight Injury
Friday,18-30,Unknown,Junior high school,Employee,Below 1yr,Other,Owner,Unknown,,Office areas,One way,Tangent road with flat terrain,Crossing,Asphalt roads,Dry,Daylight,Normal,Collision with animals,2,2,Going straight,na,na,na,na,Driver,Blind,Not a Pedestrian,No priority to vehicle,Slight Injury
Friday,18-30,Male,,,,Motorcycle,Owner,Unknown,No defect,Office areas,Undivided Two way,Tangent road with flat terrain,No junction,Asphalt roads,Wet or damp,Daylight,Normal,Collision with pedestrians,1,1,Going straight,Passenger,Male,31-50,3,Self-employed,Normal,Not a Pedestrian,No distancing,Slight Injury
Saturday,Unknown,Male,High school,Employee,,Automobile,Owner,Unknown,No defect,Office areas,One way,Tangent road with flat terrain,Crossing,Asphalt roads,Dry,Darkness - lights lit,Normal,Vehicle with vehicle collision,1,1,Turnover,Passenger,Female,Over 51,3,,,Not a Pedestrian,No priority to vehicle,Serious Injury
Tuesday,Over 51,Male,Junior high school,Owner,2-5yr,Lorry (41?100Q),Owner,5-10yrs,5, Church areas,other,Tangent road with flat terrain,Crossing,Asphalt roads,Wet or damp,Daylight,Normal,Collision with roadside objects,2,1,Other,Driver or rider,Male,18-30,3,,,Not a Pedestrian,Driving carelessly,Slight Injury
Thursday,18-30,Male,Elementary school,Owner,1-2yr,Lorry (41?100Q),Owner,1-2yr,No defect,Residential areas,other,Steep grade downward with mountainous terrain,No junction,Asphalt roads,Dry,Darkness - lights lit,Normal,Vehicle with vehicle collision,2,4,Turnover,Driver or rider,Male,18-30,3,Driver,Normal,Not a Pedestrian,Changing lane to the left,Slight Injury
Wednesday,31-50,Male,Junior high school,Owner,Above 10yr,,Owner,Above 10yr,No defect,Residential areas,other,Tangent road with flat terrain,,Asphalt roads,Dry,Darkness - lights lit,Normal,Vehicle with vehicle collision,2,3,Going straight,na,na,na,na,Driver,Normal,Not a Pedestrian,Moving Backward,Slight Injury
Monday,31-50,Male,Junior high school,Owner,Above 10yr,Lorry (41?100Q),Owner,Unknown,No defect,Other,Double carriageway (median),Tangent road with flat terrain,Y Shape,Asphalt roads,Dry,Daylight,Normal,Collision with roadside objects,4,2,Going straight,Passenger,Female,31-50,3,Driver,Normal,Not a Pedestrian,No priority to vehicle,Slight Injury
Monday,18-30,Male,Junior high school,Employee,Above 10yr,Public (12 seats),Owner,Unknown,No defect,Office areas,Undivided Two way,Tangent road with flat terrain,Y Shape,Asphalt roads,Dry,Daylight,Normal,Vehicle with vehicle collision,3,1,Turnover,Driver or rider,Male,18-30,3,Driver,Normal,Not a Pedestrian,Changing lane to the left,Slight Injury
Sunday,Unknown,Female,Junior high school,Employee,1-2yr,Lorry (41?100Q),Governmental,2-5yrs,No defect,Residential areas,Two-way (divided with broken lines road marking),Tangent road with flat terrain,No junction,Asphalt roads,Dry,Daylight,Normal,Rollover,3,3,,Passenger,Male,31-50,3,,Normal,Not a Pedestrian,Changing lane to the left,Slight Injury
Wednesday,Unknown,Male,Elementary school,Employee,1-2yr,Other,,,No defect,Other,Two-way (divided with broken lines road marking),Tangent road with flat terrain,No junction,Asphalt roads,Dry,Daylight,Unknown,Vehicle with vehicle collision,3,1,Moving Backward,na,na,na,na,Other,Normal,Not a Pedestrian,No distancing,Slight Injury
Tuesday,Unknown,Female,Junior high school,Employee,Above 10yr,Pick up upto 10Q,Owner,Unknown,,Other,other,Tangent road with flat terrain,No junction,Asphalt roads,Dry,Daylight,Normal,Vehicle with vehicle collision,1,1,Other,Passenger,Female,31-50,3,Driver,Normal,Not a Pedestrian,No distancing,Slight Injury
Sunday,18-30,Male,High school,Owner,Above 10yr,,Owner,Unknown,No defect,,other,Tangent road with flat terrain,,Asphalt roads,Wet or damp,Darkness - lights lit,Raining,Rollover,2,1,Going straight,na,na,na,na,Driver,Normal,Not a Pedestrian,Driving carelessly,Slight Injury
Sunday,31-50,Male,Junior high school,Employee,2-5yr,Other,Owner,5-10yrs,,Office areas,Undivided Two way,Tangent road with mountainous terrain and,,Asphalt roads,Wet or damp,Darkness - lights lit,Raining,Vehicle with vehicle collision,2,1,Going straight,Driver or rider,Male,31-50,3,Driver,Normal,Not a Pedestrian,Changing lane to the right,Slight Injury
Thursday,18-30,Male,Junior high school,Employee,Above 10yr,Other,Owner,,No defect,Other,Undivided Two way,Tangent road with flat terrain,T Shape,Asphalt roads,Dry,Daylight,Normal,Vehicle with vehicle collision,2,1,Moving Backward,na,na,na,na,Driver,Normal,Not a Pedestrian,Changing lane to the right,Slight Injury
Friday,31-50,Male,Junior high school,Employee,1-2yr,Stationwagen,Owner,1-2yr,No defect,Office areas,Two-way (divided with broken lines road marking),Tangent road with flat terrain,Y Shape,Other,Dry,Daylight,Normal,Vehicle with vehicle collision,2,1,Going straight,Driver or rider,Male,Over 51,3,Self-employed,Normal,Not a Pedestrian,Driving under the influence of drugs,Slight Injury
Wednesday,31-50,Male,High school,Employee,Above 10yr,Automobile,Organization,5-10yrs,No defect,Office areas,Two-way (divided with broken lines road marking),Gentle horizontal curve,Crossing,Asphalt roads,Wet or damp,Daylight,Raining,Vehicle with vehicle collision,2,1,Going straight,na,na,na,na,Driver,Normal,Not a Pedestrian,Driving to the left,Slight Injury
Tuesday,Unknown,Male,,,,Other,Owner,2-5yrs,No defect,Rural village areas,Undivided Two way,Gentle horizontal curve,Y Shape,Asphalt roads,Dry,Daylight,Normal,Vehicle with vehicle collision,2,1,Going straight,Driver or rider,Male,18-30,3,Self-employed,Normal,Not a Pedestrian,Driving under the influence of drugs,Slight Injury
Saturday,18-30,Male,Elementary school,Employee,2-5yr,Other,Owner,Unknown,No defect,Office areas,Undivided Two way,Tangent road with flat terrain,No junction,Asphalt roads,Dry,Daylight,Normal,Vehicle with vehicle collision,2,1,Moving Backward,Driver or rider,Female,Under 18,3,Other,Normal,Not a Pedestrian,Driving carelessly,Slight Injury
Thursday,31-50,Male,Elementary school,Employee,5-10yr,Automobile,Organization,2-5yrs,No defect,Other,Undivided Two way,Tangent road with mountainous terrain and,Crossing,Earth roads,Dry,Daylight,Normal,Vehicle with vehicle collision,1,1,Moving Backward,Driver or rider,Male,18-30,3,Self-employed,Normal,Not a Pedestrian,Driving carelessly,Slight Injury
Tuesday,31-50,Male,Junior high school,Employee,Above 10yr,Other,Owner,5-10yrs,,Other,Two-way (divided with broken lines road marking),Tangent road with flat terrain,Other,Asphalt roads,Dry,Daylight,Normal,Vehicle with vehicle collision,2,1,Going straight,na,na,na,na,,,Not a Pedestrian,Overtaking,Slight Injury
Monday,31-50,Male,Elementary school,Employee,5-10yr,Lorry (41?100Q),Owner,Unknown,,Office areas,Two-way (divided with broken lines road marking),Tangent road with mild grade and flat terrain,Y Shape,,Wet or damp,Darkness - lights lit,Normal,Collision with pedestrians,1,1,Going straight,na,na,na,na,Employee,Normal,Not a Pedestrian,No distancing,Slight Injury
Tuesday,31-50,Male,Junior high school,Employee,5-10yr,Automobile,Governmental,1-2yr,No defect,Other,Undivided Two way,Tangent road with flat terrain,,Gravel roads,Dry,Daylight,Normal,Collision with roadside objects,2,1,Reversing,Pedestrian,Female,31-50,3,Driver,Normal,Not a Pedestrian,No distancing,Slight Injury
Friday,Unknown,Female,Junior high school,Employee,5-10yr,Turbo,Organization,5-10yrs,No defect,Office areas,Two-way (divided with broken lines road marking),Gentle horizontal curve,Crossing,Asphalt roads,Dry,Darkness - lights lit,Normal,Vehicle with vehicle collision,2,1,Going straight,Driver or rider,Male,5,3,Self-employed,Normal,Not a Pedestrian,Moving Backward,Slight Injury
Monday,Unknown,Female,Junior high school,Employee,2-5yr,Public (13?45 seats),Owner,2-5yrs,No defect,Residential areas,Undivided Two way,Gentle horizontal curve,No junction,Asphalt roads,Wet or damp,Daylight,Raining,Collision with pedestrians,2,1,Going straight,Passenger,Male,18-30,3,Self-employed,Normal,Not a Pedestrian,No priority to vehicle,Slight Injury
Wednesday,31-50,Male,,,,,,,,Office areas,other,Tangent road with flat terrain,Crossing,Asphalt roads,Dry,Daylight,Normal,Vehicle with vehicle collision,2,2,Going straight,Pedestrian,Male,18-30,2,Other,Normal,Crossing from driver's nearside,No priority to pedestrian,Slight Injury
Thursday,Over 51,Male,Junior high school,Employee,1-2yr,Motorcycle,Owner,,,Residential areas,One way,Tangent road with flat terrain,Y Shape,Asphalt roads,Dry,Daylight,Normal,Vehicle with vehicle collision,3,2,Reversing,Driver or rider,Male,31-50,3,Driver,Normal,Not a Pedestrian,Driving carelessly,Slight Injury
Thursday,18-30,Male,Above high school,Employee,Below 1yr,Public (13?45 seats),Organization,Above 10yr,, Hospital areas,Two-way (divided with broken lines road marking),Tangent road with flat terrain,Other,Asphalt roads,Wet or damp,Daylight,Normal,Vehicle with vehicle collision,2,1,Going straight,Driver or rider,Female,18-30,3,Driver,Normal,Not a Pedestrian,Moving Backward,Slight Injury
Sunday,31-50,Male,Junior high school,Employee,Below 1yr,Automobile,Owner,Above 10yr,No defect, Church areas,Two-way (divided with broken lines road marking),Tangent road with flat terrain,Y Shape,Asphalt roads,Dry,Daylight,Normal,Vehicle with vehicle collision,2,1,Going straight,Pedestrian,Female,Under 18,3,Driver,Normal,Crossing from driver's nearside,Moving Backward,Slight Injury
Monday,18-30,Male,Elementary school,Employee,1-2yr,Lorry (41?100Q),Owner,,No defect,Other,One way,Tangent road with flat terrain,No junction,Asphalt roads,Wet or damp,Daylight,Other,Vehicle with vehicle collision,2,1,Going straight,Driver or rider,Male,18-30,3,Self-employed,Normal,Not a Pedestrian,No distancing,Slight Injury
Monday,31-50,Male,Junior high school,Employee,5-10yr,Automobile,Owner,Unknown,,Other,Undivided Two way,Tangent road with flat terrain,,Asphalt roads,Wet or damp,Darkness - lights lit,Normal,Vehicle with vehicle collision,2,1,Reversing,na,na,na,na,Driver,Normal,Not a Pedestrian,Changing lane to the right,Slight Injury
Friday,31-50,Male,Unknown,Employee,Above 10yr,,Owner,Unknown,,Office areas,Two-way (divided with broken lines road marking),Tangent road with flat terrain,Crossing,Asphalt roads,Dry,Daylight,Normal,Vehicle with vehicle collision,2,1,Going straight,na,na,na,na,Driver,Normal,Not a Pedestrian,Driving under the influence of drugs,Slight Injury
Thursday,Unknown,Female,Junior high school,Employee,1-2yr,Stationwagen,Owner,Above 10yr,No defect,Other,One way,Steep grade downward with mountainous terrain,No junction,Asphalt roads,Wet or damp,Daylight,Normal,Vehicle with vehicle collision,2,1,Going straight,Pedestrian,Female,Under 18,3,Driver,Normal,Not a Pedestrian,No distancing,Slight Injury
Friday,18-30,Male,Elementary school,Owner,2-5yr,Automobile,Owner,5-10yrs,,Residential areas,Undivided Two way,Tangent road with flat terrain,Y Shape,Asphalt roads,Wet or damp,Daylight,Other,Vehicle with vehicle collision,2,3,Going straight,Passenger,Male,31-50,3,Self-employed,Normal,Not a Pedestrian,Driving carelessly,Slight Injury
Friday,31-50,Male,Junior high school,Employee,Above 10yr,Automobile,Owner,Unknown,, Church areas,Two-way (divided with broken lines road marking),Tangent road with flat terrain,Crossing,Asphalt roads,Dry,Daylight,Normal,Vehicle with vehicle collision,1,2,Going straight,na,na,na,na,Driver,Normal,Not a Pedestrian,Changing lane to the left,Serious Injury
Saturday,18-30,Male,,,,,,,,,Two-way (divided with broken lines road marking),Tangent road with flat terrain,Crossing,Asphalt roads,Dry,Daylight,Normal,Vehicle with vehicle collision,2,1,Moving Backward,Driver or rider,Female,18-30,2,Driver,Normal,Not a Pedestrian,No distancing,Slight Injury
Tuesday,18-30,Male,Elementary school,Employee,1-2yr,Automobile,Governmental,Unknown,,Other,Double carriageway (median),Tangent road with flat terrain,,Asphalt roads,Dry,Daylight,Normal,Vehicle with vehicle collision,2,1,Going straight,na,na,na,na,Driver,Normal,Not a Pedestrian,Changing lane to the left,Slight Injury
Tuesday,18-30,Male,Junior high school,Employee,5-10yr,Pick up upto 10Q,Owner,,No defect,Office areas,Double carriageway (median),Tangent road with flat terrain,,Asphalt roads,Dry,Darkness - lights lit,Normal,Vehicle with vehicle collision,1,1,Going straight,Passenger,Male,Under 18,3,Self-employed,Normal,Not a Pedestrian,Changing lane to the right,Slight Injury
Thursday,Over 51,Male,Elementary school,,,Automobile,Owner,5-10yrs,No defect,Office areas,Two-way (divided with broken lines road marking),,Y Shape,Asphalt roads,Wet or damp,Daylight,Normal,Collision with roadside objects,2,1,Moving Backward,Driver or rider,Female,18-30,3,,,Not a Pedestrian,Changing lane to the left,Slight Injury
Saturday,18-30,Male,High school,Employee,1-2yr,Automobile,Owner,Below 1yr,, Church areas,other,Tangent road with flat terrain,No junction,Asphalt roads,Dry,Daylight,Normal,Vehicle with vehicle collision,2,2,Going straight,Driver or rider,Male,Over 51,3,Driver,Normal,Not a Pedestrian,Driving carelessly,Slight Injury
Sunday,31-50,Male,Elementary school,Employee,5-10yr,Other,Owner,,,Other,Two-way (divided with broken lines road marking),Tangent road with flat terrain,No junction,Asphalt roads,Wet or damp,Daylight,Normal,Vehicle with vehicle collision,2,2,Going straight,Driver or rider,Male,18-30,3,,,Not a Pedestrian,Driving to the left,Slight Injury
Wednesday,Over 51,Male,Elementary school,Employee,5-10yr,Lorry (41?100Q),Owner,,No defect,Office areas,Undivided Two way,Tangent road with flat terrain,Crossing,Asphalt roads,Dry,Daylight,Normal,Collision with roadside objects,2,1,Turnover,Driver or rider,Male,Under 18,3,Driver,Normal,Not a Pedestrian,Driving carelessly,Slight Injury
Sunday,Over 51,Male,Junior high school,Employee,1-2yr,Lorry (11?40Q),Owner,Unknown,,Residential areas,Two-way (divided with broken lines road marking),Tangent road with flat terrain,Unknown,Asphalt roads,Dry,Daylight,Normal,Collision with animals,1,2,Getting off,na,na,na,na,,,Not a Pedestrian,Driving under the influence of drugs,Slight Injury
Tuesday,18-30,Male,Above high school,Employee,5-10yr,Automobile,Owner,,,Other,Two-way (divided with broken lines road marking),Tangent road with flat terrain,No junction,Asphalt roads,Dry,Daylight,Normal,Vehicle with vehicle collision,1,1,Going straight,Driver or rider,Female,31-50,2,Driver,Normal,Not a Pedestrian,Changing lane to the left,Serious Injury
Saturday,Under 18,Male,Junior high school,Employee,2-5yr,Lorry (11?40Q),Owner,2-5yrs,,Residential areas,Undivided Two way,Tangent road with flat terrain,Y Shape,Asphalt roads,Wet or damp,Darkness - lights lit,Raining,Vehicle with vehicle collision,2,1,Reversing,Pedestrian,Male,Over 51,3,Driver,Normal,Unknown or other,Driving carelessly,Slight Injury
Tuesday,18-30,Male,Junior high school,Employee,Above 10yr,Lorry (41?100Q),Governmental,5-10yrs,No defect, Church areas,Two-way (divided with broken lines road marking),Tangent road with flat terrain,Y Shape,Asphalt roads,Dry,Daylight,Normal,Vehicle with vehicle collision,2,1,Going straight,Driver or rider,Male,18-30,3,Driver,Normal,Not a Pedestrian,No distancing,Slight Injury
Wednesday,18-30,Male,Junior high school,Employee,Below 1yr,Long lorry,Owner,1-2yr,,Office areas,Undivided Two way,Tangent road with flat terrain,No junction,Asphalt roads,Dry,Daylight,Normal,Collision with roadside objects,2,3,Moving Backward,Driver or rider,Male,18-30,3,Driver,Normal,Not a Pedestrian,Changing lane to the left,Slight Injury
Thursday,Over 51,Male,Elementary school,Employee,1-2yr,Lorry (41?100Q),Owner,Above 10yr,No defect,Residential areas,other,Tangent road with flat terrain,Other,Asphalt roads,Wet or damp,Daylight,Raining,Vehicle with vehicle collision,2,1,Going straight,Driver or rider,Male,18-30,3,Driver,Normal,Not a Pedestrian,Changing lane to the right,Slight Injury
Wednesday,18-30,Male,Junior high school,,1-2yr,Pick up upto 10Q,Governmental,Unknown,No defect, Church areas,Double carriageway (median),Tangent road with flat terrain,Y Shape,Asphalt roads,Wet or damp,Daylight,Normal,Vehicle with vehicle collision,2,1,Going straight,Driver or rider,Male,31-50,3,Other,Normal,Not a Pedestrian,Changing lane to the left,Slight Injury
Thursday,18-30,Male,Junior high school,Owner,Above 10yr,Public (12 seats),Owner,5-10yrs,No defect,Other,Undivided Two way,Tangent road with flat terrain,Crossing,Asphalt roads,Dry,Darkness - lights lit,Normal,Vehicle with vehicle collision,2,1,Other,Driver or rider,Female,31-50,3,Other,Normal,Not a Pedestrian,Driving carelessly,Slight Injury
Monday,18-30,Male,Junior high school,Employee,Above 10yr,Automobile,Owner,Above 10yr,,Other,Undivided Two way,Tangent road with flat terrain,Y Shape,Asphalt roads,Dry,Daylight,Normal,Vehicle with vehicle collision,2,1,Going straight,Pedestrian,Female,31-50,3,Driver,Normal,Unknown or other,Changing lane to the left,Slight Injury
Saturday,18-30,Male,Junior high school,Employee,1-2yr,Long lorry,Owner,,,Office areas,Two-way (divided with broken lines road marking),Tangent road with mild grade and flat terrain,Y Shape,Asphalt roads,Dry,Daylight,Unknown,Vehicle with vehicle collision,2,1,Other,na,na,na,na,Driver,Normal,Not a Pedestrian,No priority to vehicle,Slight Injury
Friday,31-50,Male,Above high school,Employee,5-10yr,,Owner,,No defect,Office areas,Two-way (divided with broken lines road marking),Tangent road with flat terrain,Y Shape,Asphalt roads,Dry,Daylight,Normal,Vehicle with vehicle collision,2,1,Reversing,Passenger,Male,Over 51,3,Self-employed,Normal,Not a Pedestrian,Changing lane to the left,Serious Injury
Thursday,31-50,Male,Junior high school,Employee,2-5yr,Automobile,Owner,,No defect,Other,Two-way (divided with broken lines road marking),Tangent road with flat terrain,No junction,Asphalt roads,Dry,Daylight,Normal,Vehicle with vehicle collision,4,5,Going straight,Pedestrian,Female,Over 51,3,,Normal,Not a Pedestrian,Driving under the influence of drugs,Slight Injury
Friday,18-30,Male,Elementary school,Employee,5-10yr,Automobile,Owner,,No defect,  Recreational areas,One way,Tangent road with flat terrain,Y Shape,Asphalt roads,Dry,Daylight,Normal,Vehicle with vehicle collision,2,1,Turnover,na,na,na,na,Driver,Normal,Not a Pedestrian,Driving under the influence of drugs,Slight Injury
Tuesday,31-50,Male,Junior high school,Employee,,Public (> 45 seats),Owner,2-5yrs,,Residential areas,other,Tangent road with flat terrain,No junction,Asphalt roads,Dry,Daylight,Normal,Collision with roadside objects,2,4,Going straight,Passenger,Male,Under 18,3,Self-employed,Normal,Not a Pedestrian,No distancing,Slight Injury
Wednesday,31-50,Male,Junior high school,Owner,5-10yr,Pick up upto 10Q,Owner,2-5yrs,,Office areas,Undivided Two way,Tangent road with flat terrain,Crossing,Asphalt roads,Dry,Darkness - no lighting,Normal,Vehicle with vehicle collision,1,1,Reversing,na,na,na,na,Driver,Normal,Not a Pedestrian,No priority to vehicle,Slight Injury
Wednesday,31-50,Male,Junior high school,Employee,5-10yr,Stationwagen,Owner,,,Office areas,Two-way (divided with broken lines road marking),Tangent road with flat terrain,,Asphalt roads,Dry,Daylight,Normal,Vehicle with vehicle collision,2,1,Going straight,na,na,na,na,Driver,Normal,Not a Pedestrian,No distancing,Slight Injury
Tuesday,18-30,Male,High school,Employee,5-10yr,Other,Owner,Unknown,No defect,Office areas,One way,Tangent road with flat terrain,Crossing,Asphalt roads,Dry,Daylight,Normal,Vehicle with vehicle collision,2,1,Moving Backward,Pedestrian,Male,Over 51,2,Driver,Normal,Unknown or other,No priority to vehicle,Slight Injury
Thursday,31-50,Male,Junior high school,Employee,1-2yr,Other,Owner,Unknown,No defect,Other,Two-way (divided with broken lines road marking),Tangent road with flat terrain,Y Shape,Asphalt roads,Dry,Darkness - lights lit,Normal,Vehicle with vehicle collision,2,2,Getting off,Pedestrian,Male,Under 18,3,Driver,Normal,Crossing from nearside - masked by parked or statioNot a Pedestrianry vehicle,Moving Backward,Slight Injury
Wednesday,Over 51,Male,Junior high school,Owner,5-10yr,Public (13?45 seats),Governmental,,No defect,Office areas,Undivided Two way,Tangent road with flat terrain,No junction,Asphalt roads,Dry,Daylight,Normal,Collision with roadside objects,2,1,Going straight,Pedestrian,Male,Under 18,3,,,Crossing from nearside - masked by parked or statioNot a Pedestrianry vehicle,No distancing,Slight Injury
Saturday,31-50,Male,Elementary school,Owner,2-5yr,Lorry (41?100Q),Owner,5-10yrs,, Church areas,Undivided Two way,Steep grade downward with mountainous terrain,Y Shape,Asphalt roads,Dry,Daylight,Unknown,Collision with roadside objects,2,2,Going straight,Pedestrian,Female,31-50,3,Driver,Normal,Not a Pedestrian,No priority to vehicle,Slight Injury
Thursday,31-50,Male,Junior high school,Employee,2-5yr,Public (> 45 seats),Owner,2-5yrs,,Residential areas,Undivided Two way,Tangent road with flat terrain,Y Shape,Asphalt roads,Dry,Daylight,Normal,Collision with roadside objects,1,1,Getting off,Driver or rider,Male,Under 18,3,Other,Normal,Not a Pedestrian,Changing lane to the left,Serious Injury
Tuesday,31-50,Male,High school,Employee,2-5yr,Automobile,Owner,5-10yrs,, Church areas,Two-way (divided with broken lines road marking),Tangent road with flat terrain,No junction,Asphalt roads,Dry,Daylight,Normal,Vehicle with vehicle collision,3,1,Going straight,Driver or rider,Male,31-50,3,Driver,Normal,Not a Pedestrian,Changing lane to the right,Serious Injury
Saturday,18-30,Male,Junior high school,Employee,,Automobile,Governmental,,No defect,Other,Double carriageway (median),Tangent road with flat terrain,Y Shape,Asphalt roads,Dry,Darkness - lights lit,Normal,Vehicle with vehicle collision,2,1,Going straight,na,na,na,na,Driver,Normal,Not a Pedestrian,Driving carelessly,Serious Injury
Wednesday,Over 51,Male,Elementary school,Employee,5-10yr,Lorry (41?100Q),Owner,Above 10yr,,Other,Undivided Two way,Tangent road with flat terrain,No junction,Asphalt roads,Dry,Daylight,Normal,Vehicle with vehicle collision,2,1,Other,Driver or rider,Male,31-50,3,Self-employed,Normal,Not a Pedestrian,Driving under the influence of drugs,Slight Injury
Saturday,Over 51,Male,Junior high school,Employee,2-5yr,Pick up upto 10Q,Owner,Unknown,No defect,Other,Double carriageway (median),Tangent road with flat terrain,O Shape,Asphalt roads,Dry,Daylight,Normal,Vehicle with vehicle collision,2,1,Unknown,na,na,na,na,Self-employed,Normal,Not a Pedestrian,No distancing,Slight Injury
Thursday,Unknown,Female,Junior high school,Owner,5-10yr,Automobile,Owner,Above 10yr,No defect, Outside rural areas,Two-way (divided with broken lines road marking),Tangent road with mountainous terrain and,Y Shape,Other,Dry,Daylight,Normal,Vehicle with vehicle collision,1,1,Going straight,Driver or rider,Male,Under 18,3,Employee,Normal,Not a Pedestrian,No priority to vehicle,Slight Injury
Tuesday,31-50,Male,,,,Automobile,Owner,,No defect,Office areas,Two-way (divided with broken lines road marking),Tangent road with flat terrain,Y Shape,Asphalt roads,Wet or damp,Daylight,Normal,Vehicle with vehicle collision,1,1,Going straight,na,na,na,na,Driver,Normal,Not a Pedestrian,Other,Slight Injury
Monday,31-50,Male,High school,Employee,5-10yr,Automobile,Organization,2-5yrs,,Residential areas,Undivided Two way,Tangent road with flat terrain,No junction,Asphalt roads,Wet or damp,Daylight,Cloudy,Collision with roadside objects,1,1,Turnover,Pedestrian,Male,Under 18,3,,Normal,Crossing from driver's nearside,Changing lane to the left,Slight Injury
Saturday,31-50,Male,High school,Employee,Below 1yr,Other,Owner,2-5yrs,,Office areas,Two-way (divided with broken lines road marking),Tangent road with mountainous terrain and,No junction,Asphalt roads,Dry,Darkness - lights lit,Normal,Rollover,1,1,Going straight,Pedestrian,Male,Over 51,3,Driver,Normal,Not a Pedestrian,Moving Backward,Slight Injury
Monday,Under 18,Male,Junior high school,Owner,5-10yr,Pick up upto 10Q,Owner,Unknown,No defect,Other,Undivided Two way,Tangent road with flat terrain,Crossing,Asphalt roads,Dry,Daylight,Normal,Vehicle with vehicle collision,2,1,Going straight,Driver or rider,Male,31-50,3,Driver,Normal,Not a Pedestrian,No priority to pedestrian,Slight Injury
Saturday,18-30,Male,Above high school,Owner,1-2yr,Public (13?45 seats),Owner,Unknown,No defect,Residential areas,other,Tangent road with flat terrain,No junction,Asphalt roads,Dry,Daylight,Normal,Collision with animals,2,1,Turnover,na,na,na,na,,Normal,Not a Pedestrian,Changing lane to the left,Serious Injury
Thursday,31-50,Male,Above high school,Employee,No Licence,Long lorry,Owner,2-5yrs,No defect, Church areas,Undivided Two way,Tangent road with flat terrain,Crossing,Asphalt roads,Dry,Darkness - no lighting,Cloudy,Collision with roadside objects,2,1,Going straight,Driver or rider,Male,18-30,3,Driver,Normal,Not a Pedestrian,Moving Backward,Slight Injury