Day_of_week,Age_band_of_driver,Sex_of_driver,Educational_level,Vehicle_driver_relation,Driving_experience,Type_of_vehicle,Owner_of_vehicle,Service_year_of_vehicle,Defect_of_vehicle,Area_accident_occured,Lanes_or_Medians,Road_allignment,Types_of_Junction,Road_surface_type,Road_surface_conditions,Light_conditions,Weather_conditions,Type_of_collision,Number_of_vehicles_involved,Number_of_casualties,Vehicle_movement,Casualty_class,Sex_of_casualty,Age_band_of_casualty,Casualty_severity,Work_of_casuality,Fitness_of_casuality,Pedestrian_movement,Cause_of_accident,Accident_severity
Tuesday,Unknown,Male,Junior high school,Employee,1-2yr,Stationwagen,Owner,Above 10yr,,School areas,Two-way (divided with broken lines road marking),Tangent road with flat terrain,Y Shape,Asphalt roads,Dry,Darkness - lights lit,Normal,Vehicle with vehicle collision,2,1,Going straight,na,na,na,na,Driver,Normal,Not a Pedestrian,Changing lane to the right,Slight Injury
Tuesday,18-30,Male,Junior high school,Employee,1-2yr,Public (> 45 seats),Governmental,,No defect,Residential areas,other,Tangent road with flat terrain,No junction,Asphalt roads,Dry,Darkness - no lighting,Normal,Vehicle with vehicle collision,1,1,Reversing,Driver or rider,Female,18-30,3,Employee,Normal,Not a Pedestrian,Changing lane to the right,Slight Injury
Friday,31-50,Male,Above high school,Employee,1-2yr,Automobile,Governmental,1-2yr,No defect, Church areas,other,Steep grade downward with mountainous terrain,Y Shape,Asphalt roads,Wet or damp,Darkness - lights lit,Cloudy,Vehicle with vehicle collision,2,2,Going straight,na,na,na,na,Self-employed,Normal,Not a Pedestrian,No priority to pedestrian,Slight Injury
Thursday,31-50,Male,Junior high school,Employee,5-10yr,Public (12 seats),Owner,2-5yrs,,Office areas,Double carriageway (median),Tangent road with flat terrain,No junction,Asphalt roads,Dry,Daylight,Normal,Vehicle with vehicle collision,1,4,Going straight,Driver or rider,Female,31-50,3,Self-employed,Normal,Not a Pedestrian,No priority to pedestrian,Slight Injury
Tuesday,Unknown,Female,,,,Taxi,Owner,,No defect, Outside rural areas,Undivided Two way,Tangent road with mountainous terrain and,Crossing,Asphalt roads,Dry,Daylight,Normal,Vehicle with vehicle collision,6,1,Going straight,na,na,na,na,,,Not a Pedestrian,Driving carelessly,Slight Injury
Friday,18-30,Male,Junior high school,Owner,5-10yr,Automobile,Owner,5-10yrs,,Other,Undivided Two way,Tangent road with flat terrain,Y Shape,Asphalt roads,Dry,Darkness - lights lit,Normal,Vehicle with vehicle collision,2,2,Entering a junction,na,na,na,na,Driver,Normal,Not a Pedestrian,Changing lane to the left,Slight Injury
Tuesday,18-30,Unknown,Junior high school,Employee,Above 10yr,Other,Owner,5-10yrs,,Residential areas,Two-way (divided with broken lines road marking),Tangent road with flat terrain,Crossing,Asphalt roads,Dry,Daylight,Normal,Vehicle with vehicle collision,3,3,Going straight,na,na,na,na,Driver,Normal,Not a Pedestrian,Moving Backward,Slight Injury
Monday,Over 51,Male,Junior high school,Employee,Below 1yr,Public (12 seats),Governmental,Unknown,,Other,Two-way (divided with broken lines road marking),Tangent road with flat terrain,Crossing,Asphalt roads,Wet or damp,Daylight,Windy,Vehicle with vehicle collision,2,3,Going straight,Passenger,Male,31-50,3,Self-employed,Normal,Not a Pedestrian,Changing lane to the left,Slight Injury
Saturday,18-30,Male,Junior high school,Employee,2-5yr,Pick up upto 10Q,,,,Other,Two-way (divided with broken lines road marking),Tangent road with flat terrain,Crossing,Asphalt roads,Dry,Daylight,Normal,Vehicle with vehicle collision,2,3,,Driver or rider,Male,Under 18,3,Driver,Normal,Not a Pedestrian,No distancing,Slight Injury
Friday,Under 18,Male,Junior high school,Owner,5-10yr,Other,Owner,Above 10yr,No defect,Residential areas,Two-way (divided with broken lines road marking),Tangent road with flat terrain,No junction,Asphalt roads,Dry,Daylight,Normal,Unknown,2,1,Moving Backward,Driver or rider,Male,31-50,3,Driver,Normal,Not a Pedestrian,No distancing,Slight Injury
Wednesday,31-50,Male,Junior high school,Owner,5-10yr,Automobile,Owner,Above 10yr,No defect,Residential areas,Two-way (divided with broken lines road marking),Tangent road with flat terrain,Crossing,Asphalt roads,Dry,Darkness - lights lit,Normal,Collision with roadside objects,2,2,Going straight,Driver or rider,Male,18-30,3,Driver,Normal,Not a Pedestrian,No distancing,Slight Injury
Saturday,31-50,Male,Junior high school,Employee,Above 10yr,Long lorry,Owner,Unknown,,Office areas,Undivided Two way,Tangent road with flat terrain,Y Shape,Asphalt roads,Dry,Daylight,Normal,Vehicle with vehicle collision,2,2,Going straight,Driver or rider,Male,31-50,3,Driver,Normal,Not a Pedestrian,Driving carelessly,Slight Injury
Thursday,Unknown,Male,Junior high school,Employee,5-10yr,Automobile,Owner,,No defect,Office areas,Two-way (divided with broken lines road marking),Tangent road with mild grade and flat terrain,No junction,Gravel roads,Dry,Daylight,Normal,Rollover,2,1,Going straight,na,na,na,na,,Other,Not a Pedestrian,No distancing,Slight Injury
Wednesday,18-30,Male,Junior high school,Employee,1-2yr,Public (13?45 seats),Owner,1-2yr,No defect,Office areas,Two-way (divided with broken lines road marking),Tangent road with flat terrain,Other,Asphalt roads,Wet or damp,Daylight,Raining,Rollover,2,1,Going straight,Driver or rider,Male,18-30,3,Driver,Normal,Not a Pedestrian,Overspeed,Slight Injury
Monday,31-50,Unknown,,Unknown,5-10yr,Other,Owner,Above 10yr,, Industrial areas,,Tangent road with flat terrain,Crossing,Earth roads,Dry,Daylight,Normal,Vehicle with vehicle collision,1,1,Going straight,Passenger,Female,Under 18,3,Self-employed,Normal,Not a Pedestrian,No priority to vehicle,Slight Injury
Friday,18-30,Male,Junior high school,Employee,5-10yr,Automobile,Owner,2-5yrs,,Other,Two-way (divided with broken lines road marking),Tangent road with flat terrain,Y Shape,Asphalt roads,Dry,Darkness - lights lit,Normal,Vehicle with vehicle collision,2,1,Turnover,Driver or rider,Male,Under 18,2,Driver,Normal,Not a Pedestrian,Changing lane to the left,Serious Injury
Friday,Over 51,Male,,,,,Owner,Unknown,No defect,Office areas,One way,Tangent road with flat terrain,Y Shape,Asphalt roads,Dry,Daylight,Normal,Vehicle with vehicle collision,2,1,Going straight,na,na,na,na,Driver,Normal,Not a Pedestrian,No distancing,Slight Injury
Friday,31-50,Male,,,,Lorry (11?40Q),Owner,,No defect,Residential areas,Undivided Two way,Tangent road with flat terrain,Y Shape,Asphalt roads,Dry,Daylight,Normal,Collision with roadside objects,2,1,Going straight,na,na,na,na,,,Not a Pedestrian,Driving carelessly,Slight Injury
Thursday,31-50,Male,Elementary school,Employee,Above 10yr,Automobile,Owner,,No defect,Residential areas,Undivided Two way,Tangent road with flat terrain,No junction,Asphalt roads,Dry,Daylight,Normal,Vehicle with vehicle collision,1,4,Going straight,Driver or rider,Male,Over 51,3,Self-employed,Normal,Not a Pedestrian,Driving carelessly,Slight Injury
Monday,Unknown,Male,Junior high school,Owner,5-10yr,Public (13?45 seats),Owner,1-2yr,,School areas,other,Steep grade downward with mountainous terrain,No junction,Asphalt roads,Dry,Daylight,Normal,Vehicle with vehicle collision,2,1,Going straight,Driver or rider,Male,31-50,3,Driver,Normal,Not a Pedestrian,Driving under the influence of drugs,Slight Injury
Sunday,Under 18,Male,Junior high school,Employee,2-5yr,Automobile,Owner,2-5yrs,No defect,Residential areas,Undivided Two way,Tangent road with flat terrain,Y Shape,Asphalt roads,Dry,Darkness - lights lit,Normal,Vehicle with vehicle collision,2,2,Reversing,Driver or rider,Male,31-50,3,Self-employed,Normal,Not a Pedestrian,No distancing,Slight Injury
Friday,Over 51,Male,Junior high school,Employee,No Licence,Lorry (41?100Q),Owner,Unknown,,Other,Two-way (divided with broken lines road marking),Tangent road with flat terrain,Y Shape,Asphalt roads,Dry,Darkness - lights lit,Normal,Rollover,2,1,Moving Backward,Driver or rider,Male,Under 18,3,Self-employed,Normal,Not a Pedestrian,Changing lane to the right,Slight Injury
Tuesday,Over 51,Male,Elementary school,Employee,2-5yr,Other,Owner,5-10yrs,,Office areas,Two-way (divided with broken lines road marking),Tangent road with mild grade and flat terrain,Y Shape,Asphalt roads,Dry,Daylight,Normal,Vehicle with vehicle collision,3,3,Going straight,Driver or rider,Male,31-50,3,,,Not a Pedestrian,Changing lane to the right,Serious Injury
Saturday,18-30,Male,Junior high school,Employee,5-10yr,Public (13?45 seats),Owner,,No defect,Residential areas,Double carriageway (median),Tangent road with flat terrain,,Earth roads,Wet or damp,Darkness - lights lit,Raining,Collision with roadside objects,2,1,Moving Backward,Pedestrian,Male,Over 51,3,Driver,Normal,Unknown or other,Changing lane to the right,Slight Injury
Monday,31-50,Male,Elementary school,Owner,Above 10yr,Other,Owner,,No defect,Office areas,Two-way (divided with broken lines road marking),Tangent road with flat terrain,Y Shape,Asphalt roads,Dry,Daylight,Normal,Vehicle with vehicle collision,2,1,Reversing,na,na,na,na,Employee,Normal,Not a Pedestrian,Other,Slight Injury
Tuesday,31-50,Male,Junior high school,Employee,5-10yr,Pick up upto 10Q,Owner,Unknown,,Office areas,Undivided Two way,Tangent road with flat terrain,Y Shape,Asphalt roads,Dry,Daylight,Normal,Rollover,2,1,Reversing,Driver or rider,Male,18-30,3,,,Not a Pedestrian,Turnover,Fatal injury
Friday,Over 51,Male,Above high school,Owner,5-10yr,,Owner,5-10yrs,No defect, Industrial areas,other,Tangent road with flat terrain,No junction,,Wet or damp,Daylight,Raining,Collision with pedestrians,2,4,Going straight,na,na,na,na,Driver,Normal,Not a Pedestrian,Changing lane to the left,Slight Injury
Monday,18-30,Male,,,,Lorry (41?100Q),Owner,,,Other,Two-way (divided with broken lines road marking),Tangent road with flat terrain,No junction,Asphalt roads,Dry,Darkness - lights lit,Normal,Vehicle with vehicle collision,1,1,Going straight,Driver or rider,Male,31-50,2,Employee,Normal,Not a Pedestrian,No priority to pedestrian,Slight Injury
Friday,18-30,Male,Junior high school,Employee,Above 10yr,,Governmental,Unknown,,Other,Two-way (divided with broken lines road marking),Tangent road with flat terrain,Other,Asphalt roads,Dry,Daylight,Normal,Vehicle with vehicle collision,2,1,Reversing,Driver or rider,Male,Under 18,3,Self-employed,Normal,Not a Pedestrian,Changing lane to the right,Slight Injury
Thursday,Under 18,Male,Junior high school,Employee,No Licence,Stationwagen,Owner,5-10yrs,No defect,Other,Two-way (divided with broken lines road marking),Tangent road with flat terrain,Unknown,Asphalt roads,Wet or damp,Darkness - lights lit,Raining,Vehicle with vehicle collision,2,1,Moving Backward,Driver or rider,Female,18-30,3,Self-employed,Normal,Not a Pedestrian,No priority to pedestrian,Serious Injury
Tuesday,18-30,Male,Elementary school,Employee,Below 1yr,Automobile,Owner,Unknown,No defect,Other,Two-way (divided with broken lines road marking),Tangent road with flat terrain,Crossing,Asphalt roads,Dry,Daylight,Normal,Vehicle with vehicle collision,2,3,Going straight,Passenger,Male,18-30,3,Driver,Normal,Not a Pedestrian,No priority to vehicle,Slight Injury
Tuesday,Over 51,Male,High school,Employee,1-2yr,Public (13?45 seats),Owner,1-2yr,No defect, Industrial areas,One way,Tangent road with flat terrain,Crossing,Asphalt roads,Wet or damp,Darkness - lights lit,Normal,Vehicle with vehicle collision,2,1,Going straight,Passenger,Male,Over 51,3,Driver,Normal,Not a Pedestrian,Overtaking,Slight Injury
Tuesday,Over 51,Male,High school,Owner,5-10yr,Long lorry,Owner,,No defect,Other,Two-way (divided with broken lines road marking),Tangent road with flat terrain,No junction,Gravel roads,Dry,Daylight,Normal,Vehicle with vehicle collision,2,1,Going straight,na,na,na,na,,Normal,Not a Pedestrian,Moving Backward,Slight Injury
Friday,31-50,Male,Junior high school,Employee,Below 1yr,Pick up upto 10Q,Governmental,Above 10yr,No defect,School areas,Two-way (divided with broken lines road marking),Tangent road with flat terrain,Y Shape,Asphalt roads,Dry,Daylight,Normal,Collision with roadside objects,3,1,Going straight,na,na,na,na,Self-employed,Normal,Not a Pedestrian,Overtaking,Serious Injury
Tuesday,18-30,Male,Above high school,Employee,2-5yr,Stationwagen,Owner,Unknown,No defect,Other,Undivided Two way,Tangent road with flat terrain,No junction,Earth roads,Dry,Daylight,Normal,Collision with roadside objects,2,1,Moving Backward,Driver or rider,Female,18-30,3,Self-employed,Normal,Not a Pedestrian,No priority to vehicle,Slight Injury
Wednesday,18-30,Male,Elementary school,Employee,5-10yr,Long lorry,Owner,2-5yrs,No defect,Office areas,Double carriageway (median),Tangent road with flat terrain,No junction,Asphalt roads,Dry,Daylight,Normal,Vehicle with vehicle collision,2,1,Going straight,Driver or rider,Male,18-30,3,Self-employed,Normal,Not a Pedestrian,Moving Backward,Slight Injury
Tuesday,Unknown,Female,Junior high school,Employee,2-5yr,Lorry (41?100Q),Owner,,, Industrial areas,Undivided Two way,Tangent road with flat terrain,Other,Earth roads,Dry,Daylight,Normal,Collision with roadside objects,2,1,Going straight,Driver or rider,Female,31-50,3,Driver,Normal,Not a Pedestrian,No priority to vehicle,Slight Injury
Monday,31-50,Male,Junior high school,Employee,5-10yr,Automobile,Owner,Unknown,,Office areas,Double carriageway (median),Tangent road with flat terrain,No junction,Asphalt roads,Dry,Daylight,Normal,Vehicle with vehicle collision,4,1,Going straight,Driver or rider,Male,18-30,3,Self-employed,Normal,Not a Pedestrian,Changing lane to the right,Slight Injury
Tuesday,Unknown,Female,Junior high school,Employee,5-10yr,Public (12 seats),Owner,2-5yrs,No defect,Office areas,Double carriageway (median),Tangent road with flat terrain,No junction,Asphalt roads,Dry,Daylight,Normal,Vehicle with vehicle collision,3,2,Going straight,na,na,na,na,Self-employed,Normal,Not a Pedestrian,No priority to vehicle,Slight Injury
Sunday,31-50,Male,Junior high school,Employee,2-5yr,Lorry (41?100Q),Owner,Unknown,,Other,other,Tangent road with flat terrain,Crossing,Asphalt roads,Dry,Daylight,Normal,Vehicle with vehicle collision,2,1,Going straight,Passenger,Male,31-50,3,Self-employed,Normal,Not a Pedestrian,Moving Backward,Serious Injury
Friday,31-50,Male,Junior high school,Employee,5-10yr,Automobile,Owner,,No defect,Office areas,Undivided Two way,Tangent road with flat terrain,No junction,Earth roads,Dry,Daylight,Unknown,Vehicle with vehicle collision,3,3,Going straight,Pedestrian,Male,Under 18,3,Driver,Normal,Not a Pedestrian,Driving carelessly,Slight Injury
Thursday,18-30,Male,Junior high school,Owner,5-10yr,Automobile,Owner,Unknown,No defect,Other,Undivided Two way,Tangent road with flat terrain,Y Shape,Asphalt roads,Dry,Daylight,Normal,Vehicle with vehicle collision,2,1,Going straight,Passenger,Female,Under 18,3,Self-employed,Normal,Not a Pedestrian,Moving Backward,Slight Injury
Tuesday,31-50,Male,Elementary school,Employee,Above 10yr,Taxi,Owner,Unknown,No defect,Office areas,Undivided Two way,Tangent road with flat terrain,Y Shape,Asphalt roads,Wet or damp,Darkness - lights lit,Normal,,4,1,Going straight,Passenger,Female,18-30,3,Driver,Normal,Not a Pedestrian,No distancing,Slight Injury
Wednesday,31-50,Male,Junior high school,Employee,No Licence,Lorry (41?100Q),Owner,,No defect,Residential areas,Double carriageway (median),Tangent road with flat terrain,Crossing,Asphalt roads,Dry,Daylight,Normal,Vehicle with vehicle collision,2,1,Going straight,Driver or rider,Male,18-30,3,,,Not a Pedestrian,Driving carelessly,Slight Injury
Thursday,31-50,Male,Elementary school,Employee,1-2yr,Automobile,Owner,Above 10yr,No defect,Office areas,other,Tangent road with flat terrain,Y Shape,Asphalt roads,Dry,Daylight,Normal,Vehicle with vehicle collision,2,3,Going straight,Driver or rider,Male,18-30,3,,,Not a Pedestrian,Changing lane to the right,Serious Injury
Saturday,Under 18,Male,Junior high school,Employee,2-5yr,Lorry (41?100Q),Owner,Unknown,No defect,Other,Two-way (divided with broken lines road marking),Tangent road with flat terrain,No junction,Gravel roads,Wet or damp,Darkness - lights lit,Raining,Vehicle with vehicle collision,1,1,Moving Backward,na,na,na,na,Driver,Normal,Not a Pedestrian,No distancing,Slight Injury
Wednesday,Unknown,Female,Elementary school,Employee,5-10yr,Pick up upto 10Q,Owner,,No defect,Office areas,Unknown,Tangent road with flat terrain,Y Shape,Asphalt roads,Dry,Daylight,Normal,Collision with roadside objects,1,1,,Driver or rider,Female,18-30,3,,,Not a Pedestrian,No distancing,Slight Injury
Saturday,18-30,Male,Elementary school,Employee,2-5yr,Pick up upto 10Q,Owner,,,Office areas,Two-way (divided with broken lines road marking),Tangent road with flat terrain,,Asphalt roads,Dry,Daylight,Normal,Collision with roadside objects,3,1,Going straight,Driver or rider,Male,18-30,3,Driver,Normal,Not a Pedestrian,Changing lane to the left,Slight Injury
Saturday,Under 18,Male,,Unknown,,,,,,Office areas,,Tangent road with mild grade and flat terrain,Y Shape,Asphalt roads,Wet or damp,Darkness - lights lit,Raining,With Train,2,1,Moving Backward,Driver or rider,Male,Over 51,3,,Other,Not a Pedestrian,Other,Slight Injury
Monday,18-30,Male,Above high school,Employee,1-2yr,Other,Owner,Unknown,,,other,Tangent road with flat terrain,T Shape,Asphalt roads,Dry,Daylight,Normal,Collision with roadside objects,2,1,Going straight,Driver or rider,Female,18-30,3,Self-employed,Normal,Not a Pedestrian,Driving to the left,Slight Injury
Sunday,Unknown,Male,Junior high school,Owner,Above 10yr,,Governmental,1-2yr,No defect,Other,Double carriageway (median),Tangent road with flat terrain,Y Shape,Asphalt roads,Dry,Daylight,Normal,Vehicle with vehicle collision,2,2,Going straight,Pedestrian,Female,31-50,2,Driver,Normal,Not a Pedestrian,Changing lane to the right,Slight Injury
Saturday,31-50,Male,Junior high school,Employee,Below 1yr,Lorry (41?100Q),Owner,Unknown,No defect,Office areas,Double carriageway (median),Tangent road with mild grade and flat terrain,Crossing,Asphalt roads,Wet or damp,Darkness - lights lit,Raining,Vehicle with vehicle collision,2,3,Moving Backward,Driver or rider,Male,18-30,3,Self-employed,Normal,Not a Pedestrian,Moving Backward,Slight Injury
Friday,31-50,Male,,Employee,,Public (13?45 seats),Owner,Above 10yr,No defect, Outside rural areas,Two-way (divided with broken lines road marking),Tangent road with flat terrain,No junction,Asphalt roads,Dry,Daylight,Normal,Vehicle with vehicle collision,4,5,Going straight,na,na,na,na,,,Not a Pedestrian,Changing lane to the right,Slight Injury
Friday,18-30,Male,Junior high school,Employee,2-5yr,Taxi,Governmental,,No defect,Other,Two-way (divided with solid lines road marking),Tangent road with flat terrain,Y Shape,Asphalt roads,Dry,Daylight,Normal,Vehicle with vehicle collision,2,1,Reversing,na,na,na,na,Self-employed,Normal,Not a Pedestrian,No distancing,Slight Injury
Monday,18-30,Male,Junior high school,Owner,5-10yr,Automobile,Owner,Above 10yr,No defect,Other,Two-way (divided with broken lines road marking),Tangent road with flat terrain,Crossing,Asphalt roads,Dry,Darkness - lights lit,Normal,Vehicle with vehicle collision,2,3,Turnover,na,na,na,na,Driver,Normal,Not a Pedestrian,Changing lane to the right,Slight Injury
Sunday,Over 51,Male,Elementary school,Employee,2-5yr,Automobile,Owner,,No defect, Church areas,Double carriageway (median),Tangent road with flat terrain,Crossing,Asphalt roads,Wet or damp,Darkness - lights lit,Normal,Vehicle with vehicle collision,2,2,Going straight,Driver or rider,Male,31-50,3,Driver,Normal,Not a Pedestrian,Changing lane to the right,Serious Injury
Friday,31-50,Male,Junior high school,Employee,1-2yr,Automobile,Owner,,,Office areas,Undivided Two way,Tangent road with flat terrain,Crossing,Asphalt roads,Wet or damp,Daylight,Raining,Vehicle with vehicle collision,3,1,Overtaking,na,na,na,na,Driver,Normal,Not a Pedestrian,Changing lane to the left,Slight Injury
Thursday,18-30,Male,Junior high school,Employee,1-2yr,Other,Owner,1-2yr,No defect,Other,Undivided Two way,Tangent road with flat terrain,,Asphalt roads,Dry,Daylight,Normal,Vehicle with vehicle collision,3,1,Going straight,Driver or rider,Male,5,3,Self-employed,Normal,Not a Pedestrian,Moving Backward,Slight Injury
Monday,18-30,Male,High school,Employee,2-5yr,Pick up upto 10Q,Governmental,,No defect,Office areas,Two-way (divided with broken lines road marking),Escarpments,Y Shape,Asphalt roads,Dry,Daylight,Normal,Collision with roadside objects,4,1,Going straight,Driver or rider,Female,18-30,3,Driver,Normal,Not a Pedestrian,Changing lane to the right,Slight Injury
Friday,18-30,Male,Junior high school,Employee,2-5yr,Public (12 seats),Owner,Unknown,No defect,Office areas,Undivided Two way,Tangent road with flat terrain,Crossing,Gravel roads,Dry,Daylight,Normal,Collision with roadside objects,2,1,Going straight,Driver or rider,Male,18-30,3,Driver,Normal,Not a Pedestrian,No priority to vehicle,Slight Injury
Tuesday,31-50,Male,Junior high school,Employee,1-2yr,Pick up upto 10Q,Owner,,No defect,Office areas,Double carriageway (median),Tangent road with flat terrain,Y Shape,Asphalt roads,Wet or damp,Daylight,Normal,Vehicle with vehicle collision,2,1,Going straight,Passenger,Female,Under 18,3,Self-employed,Normal,Not a Pedestrian,No distancing,Slight Injury
Thursday,31-50,Male,Junior high school,Employee,5-10yr,Pick up upto 10Q,,,,Other,Double carriageway (median),Tangent road with flat terrain,No junction,Asphalt roads,Dry,Daylight,Normal,Collision with animals,1,4,Going straight,na,na,na,na,Driver,Normal,Not a Pedestrian,No priority to vehicle,Slight Injury
Monday,Under 18,Male,Junior high school,Employee,2-5yr,Public (12 seats),Owner,Unknown,No defect,Office areas,other,Tangent road with flat terrain,,Asphalt roads,Wet or damp,Darkness - lights lit,Raining,Collision with roadside objects,2,1,Going straight,Driver or rider,Male,18-30,3,Driver,Normal,Not a Pedestrian,No distancing,Slight Injury
Sunday,18-30,Male,Junior high school,Employee,2-5yr,Automobile,Owner,Unknown,No defect,  Recreational areas,One way,Tangent road with flat terrain,Other,Asphalt roads,Wet or damp,Daylight,Raining,Rollover,4,1,Other,Driver or rider,Male,31-50,3,Self-employed,Normal,Not a Pedestrian,Changing lane to the right,Slight Injury
Thursday,Over 51,Male,Junior high school,Employee,Above 10yr,Public (12 seats),Owner,Unknown,No defect,Office areas,,Tangent road with flat terrain,,Asphalt roads,Dry,Daylight,Normal,Vehicle with vehicle collision,3,1,U-Turn,na,na,na,na,Driver,Normal,Not a Pedestrian,Changing lane to the left,Slight Injury
Monday,31-50,Male,Junior high school,Employee,Below 1yr,Public (13?45 seats),Owner,,No defect, Church areas,Double carriageway (median),Tangent road with flat terrain,Y Shape,Asphalt roads,Dry,Daylight,Normal,Rollover,2,2,Going straight,na,na,na,na,Driver,Normal,Not a Pedestrian,Moving Backward,Slight Injury
Monday,31-50,Male,Elementary school,Employee,5-10yr,Lorry (11?40Q),Owner,,No defect,Residential areas,Two-way (divided with solid lines road marking),Tangent road with flat terrain,No junction,Asphalt roads,Dry,Daylight,Normal,Vehicle with vehicle collision,3,1,Reversing,Driver or rider,Male,18-30,3,Driver,Normal,Not a Pedestrian,Changing lane to the left,Serious Injury
Tuesday,Unknown,Male,Elementary school,,,Other,Owner,,7, Outside rural areas,other,Tangent road with flat terrain,Y Shape,Asphalt roads,Dry,Daylight,Normal,Vehicle with vehicle collision,2,1,Going straight,Pedestrian,Male,31-50,3,Driver,Normal,Crossing from nearside - masked by parked or statioNot a Pedestrianry vehicle,No distancing,Slight Injury
Wednesday,Unknown,Male,Junior high school,Employee,2-5yr,Taxi,Owner,5-10yrs,, Industrial areas,Undivided Two way,Tangent road with flat terrain,No junction,Asphalt roads,Dry,Daylight,Normal,Collision with pedestrians,2,1,Going straight,na,na,na,na,Driver,Normal,Not a Pedestrian,Changing lane to the right,Slight Injury
Tuesday,Under 18,Male,Junior high school,Employee,5-10yr,Public (12 seats),Owner,2-5yrs,No defect,Other,Undivided Two way,Tangent road with flat terrain,Crossing,Asphalt roads,Wet or damp,Daylight,Windy,Collision with animals,1,1,Moving Backward,Driver or rider,Male,31-50,3,Self-employed,Normal,Not a Pedestrian,No distancing,Slight Injury
Wednesday,Unknown,Male,Junior high school,Employee,5-10yr,Automobile,Owner,Above 10yr,No defect,Other,One way,Steep grade downward with mountainous terrain,Y Shape,Earth roads,Dry,Daylight,Unknown,Vehicle with vehicle collision,2,1,Going straight,na,na,na,na,,,Not a Pedestrian,Moving Backward,Slight Injury
Monday,Over 51,Male,,Employee,5-10yr,Automobile,Governmental,Unknown,,Other,Two-way (divided with broken lines road marking),Tangent road with flat terrain,,Asphalt roads,Dry,Daylight,Normal,Collision with roadside objects,2,1,Going straight,Driver or rider,Male,18-30,3,,Normal,Not a Pedestrian,Changing lane to the left,Slight Injury
Friday,31-50,Male,Junior high school,Employee,1-2yr,Automobile,Governmental,,No defect,Office areas,other,Tangent road with mild grade and flat terrain,No junction,Asphalt roads,Dry,Darkness - lights lit,Normal,Vehicle with vehicle collision,2,1,Going straight,Passenger,Female,Under 18,3,,,Not a Pedestrian,No priority to pedestrian,Serious Injury
Tuesday,31-50,Male,Junior high school,Employee,1-2yr,Automobile,Owner,5-10yrs,No defect, Church areas,Undivided Two way,Tangent road with flat terrain,Y Shape,Asphalt roads,Wet or damp,Daylight,Normal,Vehicle with vehicle collision,2,1,Going straight,Driver or rider,Male,Under 18,3,Self-employed,Normal,Not a Pedestrian,Moving Backward,Slight Injury
Sunday,Over 51,Male,Junior high school,Employee,5-10yr,,Owner,Unknown,No defect,Office areas,other,Tangent road with flat terrain,No junction,Asphalt roads,Dry,Daylight,Normal,Vehicle with vehicle collision,2,3,Going straight,Pedestrian,Female,Over 51,3,Self-employed,Normal,Not a Pedestrian,No distancing,Slight Injury
Monday,18-30,Male,Elementary school,Other,Above 10yr,Pick up upto 10Q,Governmental,Unknown,No defect,Other,One way,Tangent road with flat terrain,Unknown,Earth roads,Dry,Daylight,Normal,Vehicle with vehicle collision,1,2,Going straight,na,na,na,na,Driver,Normal,Not a Pedestrian,Moving Backward,Serious Injury
Friday,Unknown,Male,,,,,Owner,2-5yrs,No defect,Residential areas,Undivided Two way,Steep grade downward with mountainous terrain,Y Shape,Asphalt roads,Wet or damp,Daylight,Other,Vehicle with vehicle collision,1,1,Going straight,Driver or rider,Male,18-30,3,,Normal,Not a Pedestrian,No priority to vehicle,Slight Injury
Thursday,Unknown,Male,Junior high school,Owner,2-5yr,,Owner,Above 10yr,No defect,Office areas,Two-way (divided with broken lines road marking),Sharp reverse curve,No junction,Asphalt roads,Dry,Daylight,Normal,,2,1,Going straight,Pedestrian,Male,31-50,3,Driver,Normal,Unknown or other,Moving Backward,Slight Injury
Sunday,Over 51,Male,Junior high school,Employee,Above 10yr,Stationwagen,Owner,Unknown,No defect,Other,Undivided Two way,Tangent road with flat terrain,No junction,Asphalt roads,Wet or damp,Daylight,Normal,Vehicle with vehicle collision,1,1,Going straight,na,na,na,na,,,Not a Pedestrian,Driving carelessly,Slight Injury
Saturday,Unknown,Female,Junior high school,Employee,1-2yr,,Owner,,No defect,Office areas,Double carriageway (median),Tangent road with flat terrain,No junction,Asphalt roads,Dry,Darkness - lights lit,Normal,Vehicle with vehicle collision,4,1,Going straight,na,na,na,na,,,Not a Pedestrian,No distancing,Slight Injury
Friday,Under 18,Male,Junior high school,Owner,1-2yr,Automobile,Owner,1-2yr,No defect,Office areas,Undivided Two way,Tangent road with flat terrain,Crossing,Asphalt roads,Dry,Daylight,Normal,Vehicle with vehicle collision,3,1,Going straight,Driver or rider,Male,18-30,3,Driver,Normal,Not a Pedestrian,Other,Slight Injury
Tuesday,Unknown,Female,Junior high school,Employee,5-10yr,Automobile,Owner,2-5yrs,No defect,Other,Undivided Two way,Tangent road with flat terrain,Crossing,Asphalt roads,Dry,Daylight,Normal,Vehicle with vehicle collision,6,1,Going straight,na,na,na,na,,,Not a Pedestrian,Changing lane to the right,Slight Injury
Monday,18-30,Male,Junior high school,Employee,5-10yr,,Owner,Above 10yr,, Church areas,Two-way (divided with broken lines road marking),Steep grade downward with mountainous terrain,No junction,Asphalt roads,Dry,Darkness - lights lit,Normal,Vehicle with vehicle collision,1,2,Going straight,Driver or rider,Male,18-30,3,Driver,Normal,Not a Pedestrian,No priority to pedestrian,Slight Injury