Day_of_week,Age_band_of_driver,Sex_of_driver,Educational_level,Vehicle_driver_relation,Driving_experience,Type_of_vehicle,Owner_of_vehicle,Service_year_of_vehicle,Defect_of_vehicle,Area_accident_occured,Lanes_or_Medians,Road_allignment,Types_of_Junction,Road_surface_type,Road_surface_conditions,Light_conditions,Weather_conditions,Type_of_collision,Number_of_vehicles_involved,Number_of_casualties,Vehicle_movement,Casualty_class,Sex_of_casualty,Age_band_of_casualty,Casualty_severity,Work_of_casuality,Fitness_of_casuality,Pedestrian_movement,Cause_of_accident,Accident_severity
Saturday,Over 51,Male,Junior high school,Employee,Below 1yr,Lorry (41?100Q),Owner,Unknown,, Church areas,Two-way (divided with broken lines road marking),Tangent road with flat terrain,Y Shape,Asphalt roads,Wet or damp,Daylight,Raining and Windy,Vehicle with vehicle collision,1,1,Going straight,Driver or rider,Male,31-50,3,Self-employed,Normal,Not a Pedestrian,Driving carelessly,Slight Injury
Sunday,18-30,Male,Elementary school,Other,5-10yr,Other,Owner,,,Other,Double carriageway (median),Tangent road with flat terrain,No junction,Asphalt roads,Dry,Daylight,Normal,Vehicle with vehicle collision,2,2,Going straight,Driver or rider,Male,18-30,3,,,Not a Pedestrian,Changing lane to the left,Slight Injury
Friday,Over 51,Male,Above high school,Employee,5-10yr,Long lorry,Owner,2-5yrs,,Office areas,Double carriageway (median),Tangent road with flat terrain,No junction,Asphalt roads,Dry,Daylight,Normal,Collision with roadside objects,1,1,Going straight,na,na,na,na,Employee,Normal,Not a Pedestrian,Changing lane to the right,Slight Injury
Wednesday,Unknown,Female,Elementary school,Employee,Above 10yr,Public (13?45 seats),Governmental,Above 10yr,,Other,Double carriageway (median),Tangent road with flat terrain,Y Shape,Asphalt roads,Wet or damp,Darkness - lights lit,Windy,Vehicle with vehicle collision,2,1,Going straight,na,na,na,na,Driver,Normal,Not a Pedestrian,Driving under the influence of drugs,Slight Injury
Friday,18-30,Male,Above high school,Owner,5-10yr,Pick up upto 10Q,Owner,2-5yrs,,Other,Two-way (divided with broken lines road marking),Tangent road with flat terrain,No junction,Asphalt roads,Wet or damp,Daylight,Raining,Collision with pedestrians,1,1,Going straight,na,na,na,na,Driver,Normal,Not a Pedestrian,Changing lane to the right,Slight Injury
Wednesday,Under 18,Male,Unknown,Employee,Below 1yr,Automobile,Owner,Unknown,No defect, Church areas,Double carriageway (median),Tangent road with flat terrain,No junction,Asphalt roads,Dry,Daylight,Normal,Rollover,1,2,Going straight,Driver or rider,Male,18-30,3,,Normal,Not a Pedestrian,No distancing,Serious Injury
Friday,Over 51,Male,Elementary school,Employee,1-2yr,Public (> 45 seats),Owner,5-10yrs,,Other,One way,Tangent road with flat terrain,Y Shape,Asphalt roads,Wet or damp,Daylight,Normal,Vehicle with vehicle collision,1,1,Getting off,na,na,na,na,Self-employed,Normal,Not a Pedestrian,Getting off the vehicle improperly,Slight Injury
Friday,31-50,Male,Junior high school,Employee,2-5yr,Automobile,Owner,Above 10yr,No defect, Church areas,Two-way (divided with broken lines road marking),Tangent road with mild grade and flat terrain,Crossing,Asphalt roads,Wet or damp,Darkness - lights lit,Raining,Vehicle with vehicle collision,2,1,Going straight,Driver or rider,Male,18-30,3,Driver,Normal,Not a Pedestrian,Changing lane to the left,Serious Injury
Tuesday,Under 18,Male,,Owner,Below 1yr,Automobile,Owner,2-5yrs,No defect, Church areas,One way,Tangent road with flat terrain,Y Shape,Gravel roads,Wet or damp,Daylight,Raining,Vehicle with vehicle collision,2,4,Going straight,Pedestrian,Female,Over 51,3,,,Not a Pedestrian,No distancing,Slight Injury
Sunday,18-30,Male,Junior high school,Employee,2-5yr,Automobile,Owner,Below 1yr,, Church areas,Undivided Two way,Tangent road with flat terrain,No junction,Asphalt roads,Dry,Daylight,Normal,Vehicle with vehicle collision,2,1,,na,na,na,na,Other,Normal,Not a Pedestrian,Overtaking,Slight Injury
Sunday,18-30,Male,Junior high school,Employee,5-10yr,Pick up upto 10Q,Owner,,No defect,Office areas,One way,Tangent road with flat terrain,Other,Asphalt roads,Dry,Daylight,Normal,Vehicle with vehicle collision,2,1,Going straight,Pedestrian,Female,18-30,2,Self-employed,Normal,Unknown or other,Moving Backward,Slight Injury
Wednesday,31-50,Male,,,,Automobile,Owner,Unknown,,Other,other,Tangent road with flat terrain,,Asphalt roads,Dry,Daylight,Normal,Rollover,2,1,Going straight,na,na,na,na,Driver,Normal,Not a Pedestrian,No distancing,Slight Injury
Saturday,31-50,Male,Junior high school,Employee,1-2yr,Pick up upto 10Q,Owner,,No defect,Office areas,Two-way (divided with broken lines road marking),Tangent road with flat terrain,Y Shape,Earth roads,Dry,Daylight,Normal,Collision with roadside objects,1,1,Moving Backward,na,na,na,na,Driver,Normal,Not a Pedestrian,No priority to pedestrian,Serious Injury
Wednesday,31-50,Male,Junior high school,Owner,2-5yr,Automobile,Owner,Above 10yr,,Other,Undivided Two way,Tangent road with flat terrain,Crossing,Asphalt roads,Dry,Daylight,Normal,Vehicle with vehicle collision,1,2,Other,Driver or rider,Male,18-30,3,,Normal,Not a Pedestrian,Driving carelessly,Serious Injury
Friday,Over 51,Male,High school,Employee,1-2yr,Stationwagen,Owner,5-10yrs,No defect, Church areas,Undivided Two way,Tangent road with flat terrain,Y Shape,Asphalt roads,Dry,Daylight,Normal,Vehicle with vehicle collision,2,1,Going straight,Driver or rider,Male,18-30,3,Self-employed,Normal,Not a Pedestrian,No distancing,Slight Injury
Wednesday,Unknown,Female,Junior high school,Employee,2-5yr,Public (13?45 seats),Organization,Above 10yr,No defect, Outside rural areas,Undivided Two way,Tangent road with flat terrain,Y Shape,Asphalt roads,Dry,Daylight,Normal,Vehicle with vehicle collision,1,1,Going straight,Pedestrian,Male,18-30,3,Driver,Normal,"In carriageway, statioNot a Pedestrianry - not crossing  (standing or playing)",Moving Backward,Slight Injury
Wednesday,18-30,Male,Junior high school,Employee,5-10yr,Automobile,Owner,,,,,Tangent road with flat terrain,Y Shape,Asphalt roads,Dry,Daylight,Normal,Vehicle with vehicle collision,2,1,Going straight,Driver or rider,Male,18-30,3,,,Not a Pedestrian,Changing lane to the left,Slight Injury
Saturday,Unknown,Male,High school,Owner,Above 10yr,,Owner,Below 1yr,No defect,Residential areas,Two-way (divided with broken lines road marking),Tangent road with flat terrain,No junction,Asphalt roads,Dry,Daylight,Normal,Vehicle with vehicle collision,2,1,Going straight,Passenger,Male,18-30,3,Self-employed,Normal,Not a Pedestrian,Driving under the influence of drugs,Slight Injury
Wednesday,18-30,Male,Elementary school,Employee,5-10yr,Automobile,Owner,,No defect,Office areas,other,Tangent road with flat terrain,No junction,Asphalt roads,Dry,Daylight,Normal,Collision with roadside objects,2,1,Going straight,Driver or rider,Male,31-50,3,Self-employed,Normal,Not a Pedestrian,Overtaking,Slight Injury
Monday,31-50,Male,Junior high school,Employee,Above 10yr,,Owner,Above 10yr,No defect,Residential areas,other,Tangent road with flat terrain,Y Shape,Asphalt roads,Dry,Daylight,Normal,Vehicle with vehicle collision,2,1,Going straight,Driver or rider,Female,18-30,3,Driver,Normal,Not a Pedestrian,Changing lane to the right,Slight Injury
Friday,Over 51,Male,Junior high school,Owner,1-2yr,Public (12 seats),,,,Other,Undivided Two way,Tangent road with flat terrain,Crossing,Asphalt roads,Wet or damp,Daylight,Normal,Collision with pedestrians,3,1,Going straight,na,na,na,na,Self-employed,Normal,Not a Pedestrian,Moving Backward,Slight Injury
Thursday,31-50,Male,Junior high school,Employee,2-5yr,Other,Owner,5-10yrs,No defect,Other,Two-way (divided with broken lines road marking),Tangent road with mild grade and flat terrain,No junction,Asphalt roads,Dry,Daylight,Normal,Vehicle with vehicle collision,3,1,Going straight,na,na,na,na,,,Not a Pedestrian,Moving Backward,Slight Injury
Sunday,31-50,Male,Junior high school,Employee,Below 1yr,Automobile,,,No defect,Other,Two-way (divided with broken lines road marking),Tangent road with flat terrain,Crossing,Asphalt roads,Dry,Darkness - lights lit,Normal,Vehicle with vehicle collision,2,1,Going straight,na,na,na,na,Driver,Normal,Not a Pedestrian,No priority to pedestrian,Slight Injury
Monday,31-50,Male,High school,Employee,Below 1yr,Motorcycle,Owner,1-2yr,No defect,Office areas,Two-way (divided with broken lines road marking),Tangent road with flat terrain,No junction,Asphalt roads,Dry,Daylight,Normal,,2,1,Going straight,Driver or rider,Male,18-30,3,Driver,Normal,Not a Pedestrian,No priority to pedestrian,Slight Injury
Friday,18-30,Male,Elementary school,Employee,2-5yr,Stationwagen,Owner,,, Industrial areas,Undivided Two way,Tangent road with flat terrain,Crossing,,Dry,Daylight,Normal,Vehicle with vehicle collision,4,5,Going straight,Driver or rider,Male,18-30,3,Driver,Normal,Not a Pedestrian,Changing lane to the right,Slight Injury
Wednesday,31-50,Male,Writing & reading,Employee,2-5yr,Lorry (41?100Q),Owner,1-2yr,No defect,Other,other,Steep grade downward with mountainous terrain,No junction,Asphalt roads,Dry,Daylight,Normal,Rollover,2,1,Going straight,na,na,na,na,,Normal,Not a Pedestrian,Changing lane to the right,Slight Injury
Saturday,31-50,Male,Junior high school,Owner,5-10yr,,Owner,,No defect, Industrial areas,Unknown,Tangent road with flat terrain,Y Shape,Asphalt roads,Dry,Darkness - lights lit,Normal,Collision with animals,4,1,Going straight,na,na,na,na,Employee,Normal,Not a Pedestrian,Changing lane to the right,Slight Injury
Tuesday,31-50,Male,Junior high school,Employee,2-5yr,Public (12 seats),Owner,2-5yrs,No defect,Other,Two-way (divided with broken lines road marking),Tangent road with flat terrain,No junction,Asphalt roads,Dry,Darkness - lights lit,Normal,Vehicle with vehicle collision,3,3,Going straight,Pedestrian,Female,31-50,3,Driver,Normal,Crossing from nearside - masked by parked or statioNot a Pedestrianry vehicle,No distancing,Slight Injury
Monday,31-50,Male,Junior high school,Employee,Above 10yr,Public (12 seats),Owner,5-10yrs,No defect,Other,Two-way (divided with broken lines road marking),Tangent road with flat terrain,No junction,Asphalt roads,Dry,Darkness - lights lit,Raining and Windy,Vehicle with vehicle collision,2,1,Going straight,Driver or rider,Female,31-50,3,Self-employed,Normal,Not a Pedestrian,No distancing,Slight Injury
Tuesday,Under 18,Male,Junior high school,Employee,1-2yr,Public (13?45 seats),Owner,Unknown,No defect,Other,Undivided Two way,Tangent road with flat terrain,Crossing,Asphalt roads,Wet or damp,Daylight,Normal,Vehicle with vehicle collision,4,6,Going straight,Driver or rider,Male,Over 51,2,Driver,Normal,Not a Pedestrian,No distancing,Serious Injury
Saturday,Under 18,Male,Elementary school,Employee,2-5yr,Automobile,Owner,Unknown,No defect,Other,Two-way (divided with broken lines road marking),Tangent road with flat terrain,No junction,Asphalt roads,Dry,Daylight,Normal,Collision with pedestrians,1,1,Going straight,na,na,na,na,,,Not a Pedestrian,Driving carelessly,Serious Injury
Thursday,18-30,Male,Junior high school,Employee,Below 1yr,Automobile,Owner,,,Office areas,Undivided Two way,Tangent road with flat terrain,Crossing,Asphalt roads,Dry,Daylight,Normal,Vehicle with vehicle collision,2,1,Going straight,Driver or rider,Female,18-30,3,Self-employed,Normal,Not a Pedestrian,Changing lane to the left,Slight Injury
Wednesday,Over 51,Male,Elementary school,Employee,Below 1yr,Automobile,Owner,2-5yrs,,Office areas,Two-way (divided with broken lines road marking),Tangent road with flat terrain,Crossing,Asphalt roads,Dry,Daylight,Cloudy,Vehicle with vehicle collision,2,1,Going straight,na,na,na,na,Employee,Normal,Not a Pedestrian,No distancing,Slight Injury
Saturday,Over 51,Male,Junior high school,Employee,Above 10yr,Lorry (41?100Q),Owner,Unknown,No defect,Residential areas,Undivided Two way,Tangent road with flat terrain,,Asphalt roads,Wet or damp,Daylight,Raining,Vehicle with vehicle collision,2,4,Reversing,na,na,na,na,Driver,Normal,Not a Pedestrian,Driving carelessly,Slight Injury
Thursday,Unknown,Female,Junior high school,Employee,Above 10yr,Long lorry,Governmental,,,Office areas,Two-way (divided with broken lines road marking),Tangent road with flat terrain,Y Shape,Asphalt roads,Dry,Daylight,Normal,Vehicle with vehicle collision,1,1,Waiting to go,Driver or rider,Male,18-30,3,Driver,Normal,Not a Pedestrian,Moving Backward,Slight Injury
Wednesday,Under 18,Male,High school,Employee,Below 1yr,Automobile,Owner,2-5yrs,,Other,One way,Tangent road with flat terrain,Y Shape,Asphalt roads,Dry,Darkness - lights lit,Normal,Vehicle with vehicle collision,2,1,Going straight,na,na,na,na,Driver,Normal,Not a Pedestrian,Changing lane to the left,Slight Injury
Thursday,18-30,Male,Junior high school,Employee,1-2yr,Lorry (41?100Q),Owner,Unknown,7,Other,other,Tangent road with flat terrain,Other,Asphalt roads,Dry,Daylight,Normal,Vehicle with vehicle collision,2,1,Going straight,Pedestrian,Male,Over 51,3,Self-employed,Normal,Crossing from nearside - masked by parked or statioNot a Pedestrianry vehicle,No priority to vehicle,Slight Injury
Saturday,31-50,Male,Elementary school,Employee,Above 10yr,Lorry (41?100Q),Owner,Above 10yr,No defect, Church areas,Two-way (divided with broken lines road marking),Tangent road with mild grade and flat terrain,Y Shape,Asphalt roads,Dry,Darkness - lights lit,Normal,Vehicle with vehicle collision,1,1,Unknown,Driver or rider,Female,31-50,3,Self-employed,Normal,Not a Pedestrian,Changing lane to the right,Slight Injury
Tuesday,Under 18,Male,Junior high school,,5-10yr,,Owner,,No defect,Other,Double carriageway (median),Steep grade downward with mountainous terrain,Y Shape,Asphalt roads,Dry,Daylight,Normal,Vehicle with vehicle collision,2,1,Going straight,Driver or rider,Male,Under 18,2,,,Not a Pedestrian,Driving carelessly,Slight Injury
Tuesday,Unknown,Female,Junior high school,Employee,2-5yr,Other,Owner,2-5yrs,,Office areas,Undivided Two way,Tangent road with flat terrain,Y Shape,Asphalt roads,Dry,Daylight,Normal,Collision with roadside objects,1,1,Going straight,na,na,na,na,Driver,Normal,Not a Pedestrian,Driving carelessly,Slight Injury
Sunday,31-50,Male,High school,Employee,Below 1yr,Taxi,,,,Other,Two-way (divided with broken lines road marking),Tangent road with flat terrain,Y Shape,Asphalt roads,Dry,Daylight,Normal,Vehicle with vehicle collision,2,1,Going straight,Pedestrian,Male,18-30,3,Driver,Normal,Not a Pedestrian,Changing lane to the right,Slight Injury
Tuesday,Over 51,Male,Elementary school,Employee,2-5yr,Automobile,Owner,Unknown,,Other,Two-way (divided with broken lines road marking),Tangent road with flat terrain,,Asphalt roads,Dry,Darkness - lights lit,Normal,Vehicle with vehicle collision,1,2,Going straight,Driver or rider,Female,18-30,3,Employee,Normal,Not a Pedestrian,Driving at high speed,Slight Injury
Friday,18-30,Male,Junior high school,Employee,Above 10yr,Automobile,Owner,2-5yrs,No defect,Office areas,Double carriageway (median),Tangent road with flat terrain,Crossing,Asphalt roads,Dry,Darkness - lights lit,Normal,Collision with roadside objects,2,1,Going straight,Passenger,Female,Over 51,3,Driver,Normal,Not a Pedestrian,Changing lane to the left,Slight Injury
Thursday,31-50,Male,Junior high school,Employee,2-5yr,Stationwagen,Owner,,,Other,Two-way (divided with broken lines road marking),Tangent road with flat terrain,No junction,Asphalt roads,Dry,Darkness - lights lit,Normal,Vehicle with vehicle collision,2,1,,Driver or rider,Female,31-50,3,Driver,Normal,Not a Pedestrian,Moving Backward,Slight Injury
Thursday,18-30,Female,High school,Owner,5-10yr,Automobile,Owner,Above 10yr,No defect,Other,Two-way (divided with broken lines road marking),Tangent road with flat terrain,,Asphalt roads,Dry,Daylight,Normal,Vehicle with vehicle collision,2,1,Going straight,Driver or rider,Male,Over 51,3,Driver,Normal,Not a Pedestrian,Getting off the vehicle improperly,Slight Injury
Friday,Unknown,Male,Above high school,Owner,2-5yr,Lorry (41?100Q),Owner,5-10yrs,,Other,Undivided Two way,Tangent road with flat terrain,Y Shape,Asphalt roads,Dry,Daylight,Normal,Vehicle with vehicle collision,3,1,Other,Driver or rider,Male,Under 18,3,Self-employed,Normal,Not a Pedestrian,Changing lane to the right,Slight Injury
Sunday,Over 51,Female,Elementary school,Owner,,Taxi,Owner,Above 10yr,No defect,Residential areas,Two-way (divided with broken lines road marking),Tangent road with flat terrain,Y Shape,Asphalt roads,Dry,Daylight,Normal,Vehicle with vehicle collision,3,3,Going straight,Driver or rider,Male,18-30,3,Driver,Normal,Not a Pedestrian,Driving carelessly,Slight Injury
Saturday,18-30,Male,Junior high school,Employee,Above 10yr,Other,Owner,Unknown,No defect,Residential areas,Undivided Two way,Tangent road with flat terrain,Crossing,Asphalt roads,Dry,Daylight,Normal,Vehicle with vehicle collision,2,1,Going straight,na,na,na,na,Driver,Normal,Not a Pedestrian,Changing lane to the right,Slight Injury
Friday,18-30,Male,Junior high school,Employee,5-10yr,Public (12 seats),Owner,Above 10yr,No defect, Church areas,other,Tangent road with flat terrain,Unknown,Asphalt roads,Dry,Daylight,Normal,Vehicle with vehicle collision,2,4,Parked,Passenger,Female,Over 51,3,Driver,Normal,Not a Pedestrian,Changing lane to the right,Slight Injury
Tuesday,Over 51,Male,Junior high school,Employee,Above 10yr,Automobile,Owner,5-10yrs,,Residential areas,Undivided Two way,Tangent road with flat terrain,Y Shape,Asphalt roads,Wet or damp,Daylight,Normal,Collision with roadside objects,2,3,Going straight,Driver or rider,Male,18-30,2,Self-employed,Normal,Not a Pedestrian,Changing lane to the right,Fatal injury
Wednesday,31-50,Male,Junior high school,Employee,5-10yr,Public (12 seats),Owner,Unknown,,Office areas,Undivided Two way,Tangent road with flat terrain,Unknown,Asphalt roads,Wet or damp,Daylight,Normal,Vehicle with vehicle collision,2,1,Going straight,na,na,na,na,Driver,Normal,Not a Pedestrian,No priority to pedestrian,Slight Injury
Saturday,18-30,Male,,,,Stationwagen,Owner,Below 1yr,No defect,Other,Undivided Two way,Tangent road with flat terrain,No junction,Asphalt roads,Dry,Daylight,Normal,Collision with pedestrians,2,1,Going straight,Driver or rider,Male,18-30,3,Employee,Normal,Not a Pedestrian,Other,Slight Injury
Friday,18-30,Male,Junior high school,Employee,1-2yr,Automobile,Owner,Unknown,No defect,Residential areas,Two-way (divided with broken lines road marking),Tangent road with flat terrain,Unknown,Asphalt roads,Dry,Darkness - lights lit,Normal,Vehicle with vehicle collision,3,3,Going straight,na,na,na,na,,,Not a Pedestrian,No distancing,Slight Injury
Tuesday,31-50,Male,Junior high school,Employee,Below 1yr,Other,Owner,2-5yrs,,Residential areas,Double carriageway (median),Tangent road with flat terrain,Other,Asphalt roads,Dry,Daylight,Normal,Vehicle with vehicle collision,3,1,Going straight,Driver or rider,Male,18-30,3,Driver,Normal,Not a Pedestrian,No priority to vehicle,Slight Injury
Friday,Unknown,Male,Above high school,Employee,No Licence,Lorry (11?40Q),Owner,2-5yrs,,Other,Undivided Two way,Tangent road with flat terrain,Unknown,Asphalt roads,Dry,Darkness - lights lit,Normal,Vehicle with vehicle collision,3,3,Going straight,Driver or rider,Male,18-30,3,Driver,Normal,Not a Pedestrian,No distancing,Slight Injury
Thursday,31-50,Male,Unknown,Owner,Above 10yr,Motorcycle,Governmental,,No defect,Residential areas,Double carriageway (median),Tangent road with flat terrain,Unknown,Gravel roads,Dry,Darkness - lights lit,Normal,Collision with roadside objects,1,1,Other,Passenger,Male,18-30,3,Student,Normal,Not a Pedestrian,No distancing,Slight Injury
Sunday,18-30,Male,Junior high school,Employee,Below 1yr,Public (> 45 seats),Owner,Unknown,No defect,School areas,,Tangent road with flat terrain,,,Wet or damp,Darkness - lights lit,Raining,Vehicle with vehicle collision,2,1,Going straight,Driver or rider,Female,18-30,3,Self-employed,Normal,Not a Pedestrian,Changing lane to the right,Slight Injury
Thursday,18-30,Male,Junior high school,Employee,5-10yr,Public (12 seats),Governmental,,No defect,,Double carriageway (median),Tangent road with flat terrain,,Asphalt roads,Wet or damp,Daylight,Raining,Vehicle with vehicle collision,2,2,Other,Driver or rider,Male,18-30,3,Driver,Normal,Not a Pedestrian,Driving carelessly,Slight Injury
Tuesday,18-30,Male,Elementary school,Owner,5-10yr,Lorry (41?100Q),Owner,5-10yrs,No defect,Office areas,Two-way (divided with broken lines road marking),Tangent road with flat terrain,Crossing,Asphalt roads,Wet or damp,Daylight,Other,Vehicle with vehicle collision,2,1,Going straight,Passenger,Female,Under 18,3,Driver,Normal,Not a Pedestrian,Driving to the left,Slight Injury
Wednesday,Over 51,Male,Junior high school,Employee,Above 10yr,Automobile,Owner,,, Industrial areas,Undivided Two way,Tangent road with flat terrain,Crossing,Asphalt roads,Dry,Daylight,Raining,Vehicle with vehicle collision,3,2,Going straight,na,na,na,na,Self-employed,Normal,Not a Pedestrian,Moving Backward,Serious Injury
Monday,18-30,Male,Junior high school,Employee,2-5yr,Lorry (41?100Q),Owner,Unknown,,Other,One way,Tangent road with flat terrain,Y Shape,Asphalt roads,Dry,Darkness - lights lit,Other,Vehicle with vehicle collision,3,3,Going straight,Pedestrian,Male,18-30,3,Driver,Normal,Crossing from nearside - masked by parked or statioNot a Pedestrianry vehicle,Driving to the left,Slight Injury
Tuesday,18-30,Male,Junior high school,Employee,Above 10yr,Automobile,Owner,5-10yrs,No defect,Other,Two-way (divided with broken lines road marking),Tangent road with mild grade and flat terrain,Crossing,Earth roads,Wet or damp,Daylight,Raining,Vehicle with vehicle collision,2,1,Moving Backward,na,na,na,na,Driver,Normal,Not a Pedestrian,No distancing,Slight Injury
Saturday,31-50,Male,High school,Owner,,Taxi,Owner,Above 10yr,No defect, Outside rural areas,Two-way (divided with broken lines road marking),Tangent road with flat terrain,Y Shape,Asphalt roads,Dry,Darkness - lights lit,Normal,Vehicle with vehicle collision,3,1,Going straight,Passenger,Female,31-50,3,Driver,Normal,Not a Pedestrian,Changing lane to the left,Slight Injury
Thursday,31-50,Male,,,,Lorry (41?100Q),Owner,,,Office areas,Two-way (divided with broken lines road marking),Tangent road with flat terrain,Y Shape,Asphalt roads,Dry,Daylight,Normal,Vehicle with vehicle collision,3,3,Going straight,Pedestrian,Male,Under 18,3,Self-employed,Normal,Crossing from nearside - masked by parked or statioNot a Pedestrianry vehicle,No priority to vehicle,Slight Injury
Wednesday,Unknown,Male,Junior high school,Employee,Below 1yr,Lorry (41?100Q),Owner,Above 10yr,,Residential areas,other,Tangent road with flat terrain,No junction,Asphalt roads,Dry,Daylight,Normal,Vehicle with vehicle collision,2,1,Overtaking,Passenger,Male,31-50,3,Self-employed,Normal,Not a Pedestrian,No priority to vehicle,Slight Injury
Wednesday,31-50,Male,Junior high school,Employee,2-5yr,Long lorry,Owner,5-10yrs,,Office areas,Two-way (divided with broken lines road marking),Tangent road with mild grade and flat terrain,Y Shape,Asphalt roads,Dry,Daylight,Normal,Vehicle with vehicle collision,1,1,Going straight,na,na,na,na,Driver,Normal,Not a Pedestrian,Moving Backward,Slight Injury
Friday,18-30,Male,Junior high school,Employee,Below 1yr,,,,,Residential areas,other,,Y Shape,Asphalt roads,Dry,Daylight,Normal,Vehicle with vehicle collision,2,1,Going straight,Driver or rider,Female,31-50,3,Self-employed,Normal,Not a Pedestrian,Moving Backward,Serious Injury
Tuesday,Under 18,Male,Junior high school,Employee,Below 1yr,,,,No defect,Other,Two-way (divided with broken lines road marking),Tangent road with flat terrain,Y Shape,Asphalt roads,Wet or damp,Darkness - lights lit,Normal,Vehicle with vehicle collision,1,2,Going straight,Driver or rider,Male,31-50,3,,,Not a Pedestrian,Driving to the left,Slight Injury
Tuesday,18-30,Male,Elementary school,Employee,2-5yr,Public (12 seats),Owner,,No defect,Other,Two-way (divided with broken lines road marking),Tangent road with flat terrain,No junction,Asphalt roads,Dry,Daylight,Normal,Vehicle with vehicle collision,2,1,Going straight,na,na,na,na,,Normal,Not a Pedestrian,No distancing,Slight Injury
Tuesday,31-50,Male,Junior high school,Employee,2-5yr,Automobile,,,,,,,Crossing,Asphalt roads,Dry,Daylight,Normal,Vehicle with vehicle collision,2,1,Going straight,Driver or rider,Male,18-30,3,,,Not a Pedestrian,Changing lane to the right,Slight Injury
Friday,Unknown,Female,Junior high school,Employee,Above 10yr,Lorry (41?100Q),Owner,,No defect,Office areas,Two-way (divided with broken lines road marking),Tangent road with flat terrain,No junction,Asphalt roads,Dry,Daylight,Normal,Collision with pedestrians,3,1,Other,Driver or rider,Male,18-30,3,Driver,Normal,Not a Pedestrian,No distancing,Slight Injury
Friday,31-50,Male,Elementary school,Owner,2-5yr,Automobile,Owner,Unknown,7,Office areas,Undivided Two way,Tangent road with flat terrain,No junction,Asphalt roads,Dry,Daylight,Normal,Vehicle with vehicle collision,2,1,Going straight,Pedestrian,Female,Under 18,3,Employee,Normal,Unknown or other,Driving carelessly,Slight Injury
Monday,Unknown,Male,Elementary school,Employee,1-2yr,Public (13?45 seats),Owner,1-2yr,,Office areas,Two-way (divided with broken lines road marking),Tangent road with flat terrain,,Asphalt roads,Wet or damp,Daylight,Raining,Vehicle with vehicle collision,2,2,Reversing,Passenger,Female,Under 18,3,,Normal,Not a Pedestrian,Getting off the vehicle improperly,Slight Injury
Monday,31-50,Male,Junior high school,Employee,5-10yr,Automobile,Owner,,No defect,Other,Undivided Two way,Tangent road with flat terrain,No junction,Asphalt roads,Dry,Daylight,Normal,Vehicle with vehicle collision,3,1,Other,na,na,na,na,Self-employed,Normal,Not a Pedestrian,Changing lane to the left,Slight Injury
Monday,Unknown,Female,Junior high school,Employee,1-2yr,Other,Owner,Unknown,No defect,Residential areas,Two-way (divided with broken lines road marking),Tangent road with flat terrain,Y Shape,Asphalt roads,Dry,Darkness - lights lit,Other,Collision with roadside objects,3,3,Reversing,Driver or rider,Male,31-50,2,Driver,Normal,Not a Pedestrian,Driving carelessly,Slight Injury
Monday,31-50,Male,Junior high school,Employee,5-10yr,Automobile,Owner,2-5yrs,No defect,Office areas,Double carriageway (median),Tangent road with flat terrain,Y Shape,Asphalt roads,Wet or damp,Daylight,Raining,Vehicle with vehicle collision,2,2,Going straight,Driver or rider,Male,18-30,3,Self-employed,Normal,Not a Pedestrian,Other,Slight Injury
Wednesday,18-30,Male,Junior high school,Owner,5-10yr,Lorry (41?100Q),Owner,2-5yrs,No defect,Other,Two-way (divided with broken lines road marking),Tangent road with flat terrain,No junction,Asphalt roads,Wet or damp,Darkness - lights lit,Raining,Vehicle with vehicle collision,2,1,Going straight,Pedestrian,Female,31-50,3,,,Crossing from offside - masked by  parked or statioNot a Pedestrianry vehicle,No priority to vehicle,Slight Injury
Wednesday,18-30,Male,,,,Public (12 seats),Governmental,1-2yr,No defect,Other,Double carriageway (median),Tangent road with flat terrain,No junction,Asphalt roads,Dry,Daylight,Normal,Vehicle with vehicle collision,1,1,Going straight,na,na,na,na,Self-employed,Normal,Not a Pedestrian,No priority to vehicle,Slight Injury
Sunday,18-30,Male,Junior high school,Employee,1-2yr,Automobile,Organization,2-5yrs,,Residential areas,Undivided Two way,Tangent road with flat terrain,Crossing,Asphalt roads,Dry,Darkness - lights lit,Normal,Vehicle with vehicle collision,2,4,Going straight,na,na,na,na,Driver,Normal,Not a Pedestrian,Overtaking,Fatal injury
Friday,18-30,Male,Junior high school,Employee,1-2yr,Lorry (41?100Q),Owner,,,Other,other,Tangent road with flat terrain,No junction,Asphalt roads,Wet or damp,Daylight,Raining,Collision with roadside objects,2,2,Going straight,na,na,na,na,,,Not a Pedestrian,No distancing,Slight Injury
Friday,18-30,Male,Junior high school,Employee,5-10yr,,Owner,,No defect,Residential areas,Undivided Two way,Tangent road with flat terrain,No junction,Asphalt roads,Wet or damp,Darkness - lights lit,Normal,Vehicle with vehicle collision,2,1,Going straight,Driver or rider,Male,31-50,3,Driver,Normal,Not a Pedestrian,Driving carelessly,Serious Injury