Day_of_week,Age_band_of_driver,Sex_of_driver,Educational_level,Vehicle_driver_relation,Driving_experience,Type_of_vehicle,Owner_of_vehicle,Service_year_of_vehicle,Defect_of_vehicle,Area_accident_occured,Lanes_or_Medians,Road_allignment,Types_of_Junction,Road_surface_type,Road_surface_conditions,Light_conditions,Weather_conditions,Type_of_collision,Number_of_vehicles_involved,Number_of_casualties,Vehicle_movement,Casualty_class,Sex_of_casualty,Age_band_of_casualty,Casualty_severity,Work_of_casuality,Fitness_of_casuality,Pedestrian_movement,Cause_of_accident,Accident_severity
Thursday,31-50,Male,Above high school,Employee,1-2yr,Stationwagen,Owner,Above 10yr,No defect,Office areas,Two-way (divided with broken lines road marking),Tangent road with flat terrain,Y Shape,Asphalt roads,Dry,Darkness - lights lit,Normal,Vehicle with vehicle collision,2,2,Going straight,Pedestrian,Male,Under 18,3,Student,Normal,Not a Pedestrian,Changing lane to the right,Slight Injury
Sunday,Unknown,Female,Junior high school,Owner,5-10yr,Public (12 seats),Owner,Unknown,,Office areas,Undivided Two way,Tangent road with flat terrain,Y Shape,Asphalt roads,Dry,Daylight,Normal,Vehicle with vehicle collision,4,1,Going straight,Driver or rider,Female,Over 51,3,Driver,Normal,Not a Pedestrian,No distancing,Slight Injury
Thursday,18-30,Male,Elementary school,Employee,5-10yr,Lorry (41?100Q),Owner,Unknown,No defect,Office areas,One way,Tangent road with flat terrain,Y Shape,Asphalt roads,Dry,Daylight,Normal,Vehicle with vehicle collision,3,1,Waiting to go,Driver or rider,Male,18-30,3,Employee,Normal,Not a Pedestrian,Driving under the influence of drugs,Slight Injury
Tuesday,Under 18,Male,Junior high school,Employee,Below 1yr,Lorry (41?100Q),Owner,Unknown,No defect,Rural village areasOffice areas,other,Tangent road with flat terrain,Crossing,Asphalt roads,Wet or damp,Darkness - lights lit,Cloudy,Vehicle with vehicle collision,2,1,Going straight,na,na,na,na,,,Not a Pedestrian,No distancing,Slight Injury
Wednesday,31-50,Male,Junior high school,Employee,1-2yr,Pick up upto 10Q,Owner,Above 10yr,No defect,Other,other,Tangent road with flat terrain,Y Shape,Asphalt roads,Dry,Daylight,Normal,,2,1,Going straight,na,na,na,na,,Normal,Not a Pedestrian,Overtaking,Slight Injury
Wednesday,Over 51,Male,Above high school,Employee,1-2yr,Turbo,Owner,,No defect, Industrial areas,other,Tangent road with flat terrain,No junction,Asphalt roads,Wet or damp,Daylight,Raining and Windy,Vehicle with vehicle collision,2,2,Moving Backward,Driver or rider,Female,18-30,3,Driver,Normal,Not a Pedestrian,Changing lane to the left,Slight Injury
Friday,31-50,Male,Elementary school,Employee,No Licence,Other,Owner,Unknown,,Office areas,Undivided Two way,Tangent road with flat terrain,,Asphalt roads,Dry,Darkness - lights lit,Normal,Vehicle with vehicle collision,2,1,Getting off,na,na,na,na,Self-employed,Normal,Not a Pedestrian,Changing lane to the left,Slight Injury
Friday,31-50,Male,Elementary school,Employee,2-5yr,Automobile,Owner,Unknown,,,other,Tangent road with flat terrain,Y Shape,Asphalt roads,Dry,Daylight,Normal,Collision with pedestrians,2,1,Getting off,Driver or rider,Male,31-50,3,Self-employed,Normal,Not a Pedestrian,Getting off the vehicle improperly,Slight Injury
Sunday,18-30,Male,Writing & reading,Employee,2-5yr,Stationwagen,Owner,,,Other,other,Tangent road with flat terrain,No junction,Asphalt roads,Dry,Darkness - no lighting,Normal,Collision with roadside objects,2,1,Going straight,na,na,na,na,,,Not a Pedestrian,No priority to pedestrian,Slight Injury
Tuesday,31-50,Male,Unknown,Employee,Above 10yr,Automobile,Owner,2-5yrs,No defect,Other,Two-way (divided with broken lines road marking),Tangent road with flat terrain,Y Shape,Asphalt roads,Wet or damp,Darkness - lights lit,Raining,Collision with pedestrians,2,1,Reversing,Passenger,Female,Over 51,3,Other,Normal,Not a Pedestrian,Changing lane to the left,Slight Injury
Saturday,31-50,Male,Junior high school,Employee,5-10yr,Automobile,Owner,,No defect,School areas,other,Tangent road with flat terrain,No junction,Asphalt roads,Dry,Daylight,Normal,Vehicle with vehicle collision,1,1,Moving Backward,na,na,na,na,Self-employed,Normal,Not a Pedestrian,Changing lane to the left,Slight Injury
Thursday,18-30,Male,Junior high school,Owner,Below 1yr,Pick up upto 10Q,Owner,1-2yr,,Office areas,Two-way (divided with broken lines road marking),Tangent road with mild grade and flat terrain,Y Shape,Asphalt roads,Dry,Daylight,Normal,Vehicle with vehicle collision,2,1,Going straight,na,na,na,na,Driver,Normal,Not a Pedestrian,Driving carelessly,Slight Injury
Monday,Over 51,Male,Junior high school,Employee,2-5yr,Automobile,Owner,,No defect,Other,Undivided Two way,Tangent road with mountainous terrain and,No junction,Asphalt roads,Dry,Daylight,Normal,Collision with roadside objects,2,1,Going straight,na,na,na,na,,,Not a Pedestrian,No priority to vehicle,Serious Injury
Thursday,Over 51,Male,Junior high school,Employee,1-2yr,Lorry (41?100Q),Owner,Unknown,No defect,Residential areas,Undivided Two way,Tangent road with flat terrain,Y Shape,Asphalt roads,Dry,Daylight,Normal,Vehicle with vehicle collision,1,1,Reversing,na,na,na,na,,,Not a Pedestrian,Changing lane to the left,Slight Injury
Saturday,31-50,Male,Elementary school,Employee,1-2yr,Automobile,Other,1-2yr,No defect,  Recreational areas,other,Tangent road with flat terrain,Y Shape,Asphalt roads,Dry,Daylight,Normal,Collision with roadside objects,2,1,Going straight,Driver or rider,Male,Over 51,3,Driver,,Not a Pedestrian,Driving carelessly,Slight Injury
Monday,Under 18,Male,Above high school,Employee,1-2yr,Lorry (41?100Q),Owner,Unknown,No defect, Church areas,Two-way (divided with broken lines road marking),Tangent road with flat terrain,Y Shape,Asphalt roads,Dry,Daylight,Normal,Collision with roadside objects,2,1,Going straight,Pedestrian,Female,Over 51,3,Driver,Normal,Not a Pedestrian,Driving to the left,Slight Injury
Monday,18-30,Male,Junior high school,,,Public (12 seats),Owner,2-5yrs,No defect,Other,Undivided Two way,Tangent road with flat terrain,No junction,Asphalt roads,Dry,Darkness - lights lit,Normal,Collision with pedestrians,2,1,Going straight,Passenger,Female,18-30,3,,,Not a Pedestrian,No priority to vehicle,Slight Injury
Saturday,18-30,Male,,Owner,5-10yr,,Owner,Above 10yr,, Industrial areas,,Tangent road with flat terrain,Y Shape,Asphalt roads,Dry,Daylight,Normal,Collision with roadside objects,3,1,Other,Driver or rider,Male,18-30,3,Driver,Normal,Not a Pedestrian,Overspeed,Slight Injury
Saturday,18-30,Male,Junior high school,Employee,Above 10yr,Lorry (41?100Q),Owner,,No defect,Office areas,Undivided Two way,Tangent road with flat terrain,No junction,Asphalt roads,Wet or damp,Darkness - lights lit,Other,Vehicle with vehicle collision,2,1,Going straight,na,na,na,na,,Normal,Not a Pedestrian,No priority to vehicle,Slight Injury
Sunday,18-30,Male,Junior high school,Employee,,Lorry (41?100Q),Owner,5-10yrs,No defect, Church areas,Unknown,Tangent road with mountainous terrain and,Crossing,Asphalt roads,Dry,Daylight,Normal,,4,1,Going straight,na,na,na,na,Employee,Normal,Not a Pedestrian,Driving under the influence of drugs,Slight Injury
Wednesday,18-30,Male,Junior high school,Employee,2-5yr,Stationwagen,Owner,2-5yrs,No defect,Office areas,Two-way (divided with broken lines road marking),Tangent road with mild grade and flat terrain,No junction,Asphalt roads,Dry,Daylight,Normal,Vehicle with vehicle collision,2,1,Going straight,Driver or rider,Male,31-50,3,Driver,Normal,Not a Pedestrian,Driving carelessly,Slight Injury
Friday,Over 51,Male,High school,Employee,Below 1yr,Public (12 seats),Owner,Unknown,,Office areas,One way,Tangent road with flat terrain,No junction,Asphalt roads,Dry,Daylight,Normal,Vehicle with vehicle collision,2,1,Turnover,na,na,na,na,,,Not a Pedestrian,No priority to pedestrian,Slight Injury
Saturday,Over 51,Male,Junior high school,Employee,Below 1yr,Motorcycle,Governmental,Below 1yr,,Residential areas,Two-way (divided with broken lines road marking),Tangent road with flat terrain,Unknown,Asphalt roads,Wet or damp,Daylight,Normal,Collision with roadside objects,1,2,Going straight,Pedestrian,Male,Under 18,3,,,Crossing from nearside - masked by parked or statioNot a Pedestrianry vehicle,Getting off the vehicle improperly,Slight Injury
Sunday,Unknown,Male,High school,Employee,Above 10yr,,Owner,1-2yr,No defect, Outside rural areas,Two-way (divided with broken lines road marking),Tangent road with flat terrain,No junction,Asphalt roads,Dry,Daylight,Normal,Vehicle with vehicle collision,2,1,Turnover,Passenger,Female,Under 18,3,Driver,Normal,Not a Pedestrian,No priority to pedestrian,Slight Injury
Monday,18-30,Male,,,,Pick up upto 10Q,Owner,,No defect,  Recreational areas,Undivided Two way,Tangent road with flat terrain,Y Shape,Asphalt roads,Wet or damp,Daylight,Raining,Vehicle with vehicle collision,2,1,Other,na,na,na,na,Self-employed,Normal,Not a Pedestrian,No priority to vehicle,Slight Injury
Thursday,18-30,Male,High school,Employee,Above 10yr,Lorry (41?100Q),Owner,,No defect,Other,Undivided Two way,Tangent road with flat terrain,Y Shape,Asphalt roads,Dry,Daylight,Normal,Vehicle with vehicle collision,2,1,Other,na,na,na,na,Driver,Normal,Not a Pedestrian,Driving under the influence of drugs,Slight Injury
Sunday,31-50,Male,Junior high school,Employee,Above 10yr,Lorry (41?100Q),,,, Church areas,Two-way (divided with broken lines road marking),Tangent road with flat terrain,Crossing,Asphalt roads,Wet or damp,Daylight,Raining,Vehicle with vehicle collision,2,2,Going straight,Driver or rider,Male,31-50,3,,,Not a Pedestrian,No distancing,Slight Injury
Thursday,31-50,Male,Elementary school,Employee,5-10yr,Public (> 45 seats),Owner,5-10yrs,No defect,Other,Undivided Two way,Tangent road with flat terrain,,Asphalt roads,Dry,Daylight,Normal,Collision with animals,3,1,Going straight,Driver or rider,Female,18-30,3,Self-employed,Normal,Not a Pedestrian,Changing lane to the left,Slight Injury
Sunday,31-50,Male,Elementary school,Employee,2-5yr,Other,Owner,2-5yrs,,Other,Undivided Two way,Tangent road with flat terrain,Y Shape,Asphalt roads,Dry,Daylight,Normal,Other,3,2,Moving Backward,na,na,na,na,Driver,Normal,Not a Pedestrian,Changing lane to the left,Slight Injury
Friday,Unknown,Female,Junior high school,Employee,1-2yr,Lorry (11?40Q),Owner,Unknown,No defect,Office areas,Undivided Two way,Tangent road with flat terrain,Y Shape,Asphalt roads,Dry,Daylight,Normal,Vehicle with vehicle collision,2,1,Reversing,na,na,na,na,Driver,Normal,Not a Pedestrian,Changing lane to the right,Slight Injury
Wednesday,Under 18,Male,Junior high school,Employee,5-10yr,Lorry (11?40Q),Owner,5-10yrs,No defect,Other,Two-way (divided with broken lines road marking),Tangent road with rolling terrain,Y Shape,Asphalt roads,Wet or damp,Darkness - lights lit,Raining,Collision with pedestrians,2,4,Going straight,na,na,na,na,,Normal,Not a Pedestrian,Driving carelessly,Slight Injury
Tuesday,18-30,Male,Above high school,Employee,Below 1yr,Other,Owner,,No defect,Residential areas,Undivided Two way,Tangent road with flat terrain,Y Shape,Asphalt roads,Dry,Daylight,Normal,Vehicle with vehicle collision,2,3,Going straight,Driver or rider,Male,Over 51,3,Unemployed,Normal,Not a Pedestrian,Changing lane to the right,Slight Injury
Wednesday,18-30,Male,Junior high school,Employee,1-2yr,Automobile,Owner,,No defect,Other,Undivided Two way,Tangent road with flat terrain,No junction,Asphalt roads,Dry,Daylight,Normal,Vehicle with vehicle collision,1,1,Going straight,na,na,na,na,Self-employed,Normal,Not a Pedestrian,Moving Backward,Serious Injury
Monday,31-50,Male,High school,Owner,5-10yr,Lorry (11?40Q),Owner,2-5yrs,,Office areas,Double carriageway (median),Tangent road with flat terrain,No junction,Asphalt roads,Wet or damp,Daylight,Normal,Collision with roadside objects,2,3,Going straight,na,na,na,na,,,Not a Pedestrian,No distancing,Serious Injury
Tuesday,Unknown,Male,,,,Lorry (41?100Q),Owner,,No defect,Office areas,Two-way (divided with broken lines road marking),Tangent road with flat terrain,No junction,Asphalt roads,Dry,Darkness - lights lit,Normal,Vehicle with vehicle collision,2,1,Going straight,Driver or rider,Male,31-50,3,Driver,Normal,Not a Pedestrian,Driving carelessly,Slight Injury
Wednesday,Unknown,Female,Junior high school,Employee,,Automobile,Governmental,,No defect,Residential areas,Two-way (divided with broken lines road marking),Tangent road with flat terrain,Y Shape,Asphalt roads,Dry,Darkness - lights lit,Normal,Vehicle with vehicle collision,2,1,Going straight,na,na,na,na,Driver,Normal,Not a Pedestrian,Changing lane to the right,Slight Injury
Tuesday,Under 18,Male,Elementary school,Owner,2-5yr,Automobile,Owner,,,Residential areas,One way,Tangent road with flat terrain,T Shape,Asphalt roads,Dry,Darkness - lights lit,Normal,Collision with pedestrians,2,5,Going straight,Pedestrian,Female,Over 51,3,Driver,Normal,Not a Pedestrian,No priority to vehicle,Slight Injury
Tuesday,31-50,Male,Junior high school,Owner,5-10yr,Lorry (41?100Q),Owner,,,Office areas,Two-way (divided with broken lines road marking),Tangent road with flat terrain,Y Shape,Asphalt roads,Dry,Daylight,Normal,Vehicle with vehicle collision,1,1,Turnover,Driver or rider,Female,Over 51,3,Self-employed,Normal,Not a Pedestrian,Moving Backward,Slight Injury
Thursday,18-30,Male,Junior high school,Employee,Below 1yr,Automobile,Owner,2-5yrs,No defect,Office areas,Two-way (divided with broken lines road marking),Tangent road with flat terrain,Crossing,Asphalt roads,Dry,Darkness - lights lit,Normal,Vehicle with vehicle collision,2,1,Going straight,Driver or rider,Male,18-30,3,Self-employed,Normal,Not a Pedestrian,Changing lane to the left,Slight Injury
Thursday,Over 51,Male,Writing & reading,Employee,5-10yr,Automobile,Owner,Above 10yr,, Industrial areas,Undivided Two way,Tangent road with flat terrain,Y Shape,Asphalt roads,Dry,Daylight,Normal,Vehicle with vehicle collision,1,1,Going straight,Driver or rider,Female,18-30,3,Driver,Normal,Not a Pedestrian,No priority to vehicle,Slight Injury
Sunday,18-30,Male,,Employee,5-10yr,Other,Owner,Unknown,No defect,Other,other,Tangent road with flat terrain,No junction,Asphalt roads,Dry,Daylight,Normal,Vehicle with vehicle collision,2,2,Going straight,Driver or rider,Female,18-30,3,,,Not a Pedestrian,Driving carelessly,Slight Injury
Monday,31-50,Male,Elementary school,Employee,5-10yr,Pick up upto 10Q,Owner,Unknown,No defect,Office areas,Two-way (divided with broken lines road marking),Tangent road with mountainous terrain and,No junction,Asphalt roads,Dry,Daylight,Normal,Vehicle with vehicle collision,2,1,Overtaking,na,na,na,na,Employee,Normal,Not a Pedestrian,No distancing,Slight Injury
Monday,Unknown,Male,Junior high school,Employee,2-5yr,Public (12 seats),Owner,5-10yrs,, Church areas,other,Tangent road with flat terrain,T Shape,Asphalt roads,Dry,Daylight,Normal,Vehicle with vehicle collision,2,1,Going straight,na,na,na,na,Self-employed,Normal,Not a Pedestrian,Turnover,Slight Injury
Friday,Over 51,Male,Junior high school,Employee,Above 10yr,Automobile,Owner,Above 10yr,No defect,Residential areas,Undivided Two way,Tangent road with flat terrain,,Gravel roads,Wet or damp,Daylight,Raining,Fall from vehicles,2,1,Going straight,Driver or rider,Male,18-30,3,Driver,Normal,Not a Pedestrian,Changing lane to the right,Slight Injury
Friday,18-30,Male,Junior high school,Employee,5-10yr,Lorry (41?100Q),Owner,,No defect,  Recreational areas,Two-way (divided with broken lines road marking),Tangent road with flat terrain,Y Shape,Asphalt roads,Dry,Daylight,Normal,Vehicle with vehicle collision,2,1,Going straight,Pedestrian,Male,Over 51,2,,,Crossing from nearside - masked by parked or statioNot a Pedestrianry vehicle,Changing lane to the right,Slight Injury
Wednesday,31-50,Male,Junior high school,Employee,1-2yr,Automobile,Owner,Below 1yr,,Other,other,Steep grade downward with mountainous terrain,No junction,Asphalt roads,Dry,Daylight,Normal,Collision with roadside objects,2,1,Going straight,na,na,na,na,Self-employed,Normal,Not a Pedestrian,No distancing,Slight Injury
Monday,Over 51,Male,Unknown,Owner,Above 10yr,Stationwagen,Owner,Above 10yr,No defect,Other,other,Tangent road with flat terrain,Other,Asphalt roads,Dry,Daylight,Normal,Collision with roadside objects,2,2,Going straight,na,na,na,na,Driver,Normal,Not a Pedestrian,Changing lane to the left,Slight Injury
Saturday,Unknown,Female,Elementary school,Employee,5-10yr,Automobile,Owner,Above 10yr,No defect,Office areas,Two-way (divided with broken lines road marking),Sharp reverse curve,Y Shape,Asphalt roads,Dry,Darkness - lights lit,Normal,Vehicle with vehicle collision,3,2,Going straight,na,na,na,na,,,Not a Pedestrian,Driving carelessly,Serious Injury
Monday,Under 18,Male,Elementary school,Employee,2-5yr,Lorry (41?100Q),Organization,2-5yrs,No defect,Other,Undivided Two way,Tangent road with mountainous terrain and,Crossing,Asphalt roads,Dry,Daylight,Normal,Vehicle with vehicle collision,2,1,Going straight,Passenger,Female,Over 51,3,Driver,Normal,Not a Pedestrian,Changing lane to the left,Slight Injury
Thursday,Over 51,Male,Elementary school,Employee,2-5yr,Automobile,Owner,,No defect, Church areas,Two-way (divided with broken lines road marking),Tangent road with flat terrain,Y Shape,Asphalt roads,Dry,Daylight,Normal,Vehicle with vehicle collision,2,1,Reversing,na,na,na,na,Driver,Normal,Not a Pedestrian,No priority to pedestrian,Slight Injury
Sunday,Over 51,Male,Junior high school,Owner,Below 1yr,Other,Owner,,,Other,Two-way (divided with broken lines road marking),Tangent road with flat terrain,Y Shape,Gravel roads,Dry,Darkness - lights lit,Normal,Collision with roadside objects,2,1,Going straight,Driver or rider,Male,18-30,3,,,Not a Pedestrian,Changing lane to the right,Slight Injury
Wednesday,Under 18,Male,Junior high school,Employee,Below 1yr,Lorry (41?100Q),Owner,,No defect, Church areas,Two-way (divided with broken lines road marking),Tangent road with flat terrain,,Asphalt roads,Dry,Daylight,Normal,Collision with roadside objects,3,3,Turnover,na,na,na,na,Other,Normal,Not a Pedestrian,No distancing,Slight Injury
Friday,31-50,Male,Junior high school,Employee,2-5yr,Public (> 45 seats),Owner,,No defect,  Recreational areas,other,,No junction,Asphalt roads,Wet or damp,Daylight,Raining,Vehicle with vehicle collision,2,4,Other,na,na,na,na,Driver,Normal,Not a Pedestrian,Improper parking,Slight Injury
Sunday,18-30,Male,Junior high school,Employee,5-10yr,Automobile,Governmental,Below 1yr,No defect,  Recreational areas,Two-way (divided with broken lines road marking),Tangent road with flat terrain,No junction,Asphalt roads,Dry,Darkness - lights lit,Normal,Collision with pedestrians,2,1,Going straight,Driver or rider,Male,18-30,3,Driver,Normal,Not a Pedestrian,Changing lane to the left,Slight Injury
Friday,18-30,Male,Junior high school,Employee,1-2yr,Lorry (11?40Q),Owner,Above 10yr,No defect, Outside rural areas,Two-way (divided with broken lines road marking),Tangent road with flat terrain,Y Shape,Asphalt roads,Wet or damp,Darkness - lights lit,Raining,Vehicle with vehicle collision,2,3,Going straight,Driver or rider,Male,18-30,2,Self-employed,Normal,Not a Pedestrian,No distancing,Serious Injury
Thursday,31-50,Male,High school,Employee,2-5yr,Motorcycle,Owner,Unknown,,Residential areas,Two-way (divided with broken lines road marking),Tangent road with flat terrain,Y Shape,Asphalt roads,Dry,Darkness - lights lit,Normal,Vehicle with vehicle collision,2,1,Other,Driver or rider,Male,31-50,3,,,Not a Pedestrian,Changing lane to the right,Slight Injury
Thursday,18-30,Male,Junior high school,Employee,5-10yr,Other,Owner,Unknown,No defect,School areas,Double carriageway (median),Tangent road with flat terrain,Y Shape,Asphalt roads,Wet or damp,Darkness - lights lit,Raining,Vehicle with vehicle collision,2,1,Moving Backward,Driver or rider,Male,31-50,3,Driver,Normal,Not a Pedestrian,Overtaking,Slight Injury
Friday,18-30,Male,Junior high school,Employee,Below 1yr,,Governmental,2-5yrs,,  Recreational areas,Two-way (divided with broken lines road marking),Tangent road with flat terrain,Crossing,Asphalt roads,Dry,Daylight,Normal,Vehicle with vehicle collision,2,1,Going straight,Pedestrian,Male,Under 18,3,Driver,Normal,Crossing from nearside - masked by parked or statioNot a Pedestrianry vehicle,No distancing,Serious Injury
Tuesday,Over 51,Male,Junior high school,Employee,1-2yr,Long lorry,Governmental,,No defect,Residential areas,Two-way (divided with broken lines road marking),Tangent road with flat terrain,Y Shape,Asphalt roads,Dry,Daylight,Normal,Vehicle with vehicle collision,3,1,Going straight,na,na,na,na,Employee,Normal,Not a Pedestrian,Driving carelessly,Slight Injury
Monday,31-50,Male,Elementary school,Employee,1-2yr,Stationwagen,Owner,Unknown,No defect,Other,Two-way (divided with broken lines road marking),Tangent road with flat terrain,Y Shape,Asphalt roads,Wet or damp,Daylight,Raining,Vehicle with vehicle collision,2,5,Going straight,Driver or rider,Male,31-50,3,Driver,Normal,Not a Pedestrian,Changing lane to the left,Slight Injury
Wednesday,18-30,Male,Junior high school,Employee,Above 10yr,Automobile,Owner,Above 10yr,No defect, Church areas,Two-way (divided with broken lines road marking),Steep grade downward with mountainous terrain,Y Shape,Asphalt roads,Dry,Darkness - lights lit,Normal,Vehicle with vehicle collision,2,1,Reversing,Pedestrian,Male,31-50,3,Driver,Normal,Unknown or other,Changing lane to the right,Slight Injury
Saturday,18-30,Male,Junior high school,Employee,Above 10yr,,Owner,5-10yrs,No defect,Other,Undivided Two way,Tangent road with flat terrain,No junction,,Dry,Daylight,Normal,Vehicle with vehicle collision,2,1,Going straight,Passenger,Female,31-50,3,,,Not a Pedestrian,No distancing,Slight Injury
Friday,18-30,Male,Junior high school,Employee,1-2yr,Public (> 45 seats),Owner,Unknown,,Residential areas,Undivided Two way,Tangent road with flat terrain,No junction,Asphalt roads,Dry,Daylight,Normal,Fall from vehicles,2,1,Going straight,na,na,na,na,Student,Normal,Not a Pedestrian,Moving Backward,Slight Injury
Saturday,Unknown,Female,Junior high school,Employee,Above 10yr,Ridden horse,Owner,2-5yrs,,Other,Two-way (divided with broken lines road marking),Tangent road with flat terrain,Unknown,Asphalt roads,Wet or damp,Darkness - lights lit,Raining,Vehicle with vehicle collision,2,1,,Driver or rider,Male,31-50,3,Driver,Normal,Not a Pedestrian,No distancing,Slight Injury
Monday,18-30,Male,Junior high school,Employee,1-2yr,,Owner,Unknown,No defect,Other,other,Tangent road with flat terrain,,Asphalt roads,Dry,Daylight,Normal,Vehicle with vehicle collision,2,1,Moving Backward,Driver or rider,Male,31-50,3,Self-employed,Normal,Not a Pedestrian,No distancing,Slight Injury
Friday,31-50,Male,Junior high school,Employee,5-10yr,Lorry (41?100Q),,,,School areas,Two-way (divided with broken lines road marking),Tangent road with flat terrain,Y Shape,Asphalt roads,Dry,Daylight,Normal,Vehicle with vehicle collision,2,1,Going straight,Driver or rider,Male,Under 18,3,Self-employed,Normal,Not a Pedestrian,Changing lane to the right,Slight Injury
Friday,31-50,Male,Junior high school,Employee,5-10yr,,Owner,,No defect,Office areas,Two-way (divided with broken lines road marking),Tangent road with flat terrain,Y Shape,Asphalt roads,Dry,Daylight,Normal,Vehicle with vehicle collision,2,1,Going straight,Driver or rider,Male,Over 51,3,Other,Normal,Not a Pedestrian,Driving to the left,Serious Injury
Thursday,18-30,Male,Elementary school,Employee,1-2yr,Other,Owner,Unknown,No defect,Residential areas,Undivided Two way,Tangent road with flat terrain,No junction,Asphalt roads,Dry,Daylight,Normal,Vehicle with vehicle collision,2,3,Moving Backward,Driver or rider,Male,18-30,3,Employee,Normal,Not a Pedestrian,Overtaking,Slight Injury
Wednesday,31-50,Male,Junior high school,Employee,Above 10yr,Automobile,Owner,,No defect,  Recreational areas,other,Tangent road with flat terrain,No junction,Asphalt roads,Wet or damp,Darkness - lights lit,Normal,Collision with pedestrians,2,1,Entering a junction,na,na,na,na,Driver,Normal,Not a Pedestrian,Driving under the influence of drugs,Slight Injury
Sunday,18-30,Male,Elementary school,Employee,2-5yr,Other,Owner,,No defect,  Recreational areas,Two-way (divided with broken lines road marking),Tangent road with flat terrain,No junction,Asphalt roads,Dry,Daylight,Normal,Collision with roadside objects,2,5,Moving Backward,Pedestrian,Male,31-50,3,Driver,Normal,Unknown or other,Changing lane to the right,Fatal injury
Thursday,Over 51,Male,,Employee,1-2yr,Taxi,Governmental,Unknown,,Office areas,One way,Tangent road with flat terrain,No junction,Asphalt roads,Dry,Daylight,Normal,Vehicle with vehicle collision,3,1,Going straight,Passenger,Female,31-50,3,Self-employed,Normal,Not a Pedestrian,Changing lane to the right,Slight Injury
Thursday,31-50,Male,High school,Employee,5-10yr,Automobile,Owner,,No defect,  Recreational areas,Undivided Two way,Tangent road with flat terrain,No junction,Asphalt roads,Wet or damp,Darkness - lights lit,Raining,Collision with roadside objects,2,1,Going straight,Driver or rider,Male,Under 18,3,Driver,Normal,Not a Pedestrian,Changing lane to the right,Slight Injury
Monday,Under 18,Male,Above high school,Employee,5-10yr,Other,Governmental,,No defect,Residential areas,Double carriageway (median),Tangent road with flat terrain,Y Shape,Asphalt roads,Dry,Darkness - lights lit,Normal,Vehicle with vehicle collision,4,1,Going straight,na,na,na,na,Other,Normal,Not a Pedestrian,Changing lane to the left,Slight Injury
Thursday,31-50,Male,Junior high school,Employee,2-5yr,,Owner,Unknown,No defect,Office areas,Undivided Two way,Tangent road with flat terrain,Crossing,Asphalt roads,Wet or damp,Daylight,Other,Vehicle with vehicle collision,2,1,Going straight,Driver or rider,Male,31-50,3,Employee,Normal,Not a Pedestrian,No distancing,Slight Injury
Thursday,Under 18,Male,Elementary school,Employee,5-10yr,Pick up upto 10Q,,,,Other,Undivided Two way,Tangent road with flat terrain,No junction,Asphalt roads with some distress,Dry,Daylight,Normal,Vehicle with vehicle collision,3,2,Reversing,na,na,na,na,Driver,Normal,Not a Pedestrian,Driving carelessly,Slight Injury
Wednesday,18-30,Male,Writing & reading,Employee,Below 1yr,,Owner,Unknown,No defect,Other,One way,Tangent road with flat terrain,Other,Asphalt roads,Dry,Daylight,Normal,Collision with roadside objects,2,2,Going straight,Passenger,Male,Over 51,3,Driver,Normal,Not a Pedestrian,Changing lane to the right,Serious Injury
Sunday,Under 18,Male,Junior high school,Employee,5-10yr,Automobile,Owner,,No defect,Office areas,Double carriageway (median),Tangent road with flat terrain,Y Shape,Asphalt roads,Dry,Darkness - lights lit,Normal,Vehicle with vehicle collision,2,1,Going straight,Driver or rider,Male,18-30,3,Self-employed,Normal,Not a Pedestrian,Getting off the vehicle improperly,Serious Injury
Monday,Over 51,Male,,Owner,,Automobile,Owner,,,Office areas,,Tangent road with flat terrain,Crossing,Asphalt roads,Wet or damp,Daylight,Windy,Collision with roadside objects,2,3,Going straight,Passenger,Male,5,3,Driver,Normal,Not a Pedestrian,Moving Backward,Slight Injury
Wednesday,Unknown,Male,Junior high school,Employee,Above 10yr,Public (12 seats),Owner,Unknown,No defect,Office areas,Two-way (divided with broken lines road marking),Tangent road with mountainous terrain and,Crossing,Asphalt roads,Dry,Daylight,Normal,Vehicle with vehicle collision,2,1,Moving Backward,Driver or rider,Female,18-30,3,,,Not a Pedestrian,Driving to the left,Slight Injury
Tuesday,31-50,Male,Junior high school,Employee,Below 1yr,Other,Owner,5-10yrs,No defect,Office areas,Two-way (divided with broken lines road marking),Tangent road with flat terrain,Y Shape,Asphalt roads,Dry,Darkness - lights lit,Normal,Vehicle with vehicle collision,2,1,Other,na,na,na,na,,,Not a Pedestrian,Changing lane to the left,Slight Injury
Friday,31-50,Male,Junior high school,Employee,2-5yr,Automobile,Owner,Unknown,,Residential areas,other,Tangent road with flat terrain,Y Shape,Asphalt roads,Wet or damp,Daylight,Raining,Vehicle with vehicle collision,2,2,Getting off,na,na,na,na,Driver,Normal,Not a Pedestrian,Changing lane to the left,Slight Injury