Day_of_week,Age_band_of_driver,Sex_of_driver,Educational_level,Vehicle_driver_relation,Driving_experience,Type_of_vehicle,Owner_of_vehicle,Service_year_of_vehicle,Defect_of_vehicle,Area_accident_occured,Lanes_or_Medians,Road_allignment,Types_of_Junction,Road_surface_type,Road_surface_conditions,Light_conditions,Weather_conditions,Type_of_collision,Number_of_vehicles_involved,Number_of_casualties,Vehicle_movement,Casualty_class,Sex_of_casualty,Age_band_of_casualty,Casualty_severity,Work_of_casuality,Fitness_of_casuality,Pedestrian_movement,Cause_of_accident,Accident_severity
Friday,18-30,Male,Junior high school,Employee,Above 10yr,Lorry (41?100Q),Owner,Unknown,No defect,Other,Two-way (divided with broken lines road marking),Tangent road with flat terrain,Crossing,Asphalt roads,Dry,Daylight,Normal,Vehicle with vehicle collision,2,3,Other,Driver or rider,Male,18-30,3,Driver,Normal,Not a Pedestrian,Moving Backward,Slight Injury
Monday,18-30,Male,Junior high school,Owner,2-5yr,Turbo,Owner,,,Other,Two-way (divided with broken lines road marking),Tangent road with flat terrain,No junction,Earth roads,Dry,Daylight,Normal,Vehicle with vehicle collision,2,1,Other,na,na,na,na,Driver,Normal,Not a Pedestrian,Changing lane to the right,Slight Injury
Saturday,18-30,Male,High school,Owner,5-10yr,Automobile,Owner,5-10yrs,, Hospital areas,other,Steep grade downward with mountainous terrain,No junction,Asphalt roads,Dry,Daylight,Normal,Collision with pedestrians,2,1,Going straight,Driver or rider,Male,18-30,3,Driver,Normal,Not a Pedestrian,Driving carelessly,Slight Injury
Monday,Unknown,Male,Junior high school,Employee,1-2yr,Other,Owner,Below 1yr,No defect, Hospital areas,Undivided Two way,Tangent road with flat terrain,No junction,Asphalt roads,Dry,Darkness - lights lit,Normal,Vehicle with vehicle collision,2,1,Other,Driver or rider,Male,31-50,3,Self-employed,Normal,Not a Pedestrian,No distancing,Slight Injury
Saturday,18-30,Male,Junior high school,Employee,,,Owner,Unknown,No defect,School areas,Undivided Two way,Tangent road with flat terrain,Crossing,Asphalt roads,Dry,Darkness - lights lit,Normal,Vehicle with vehicle collision,2,1,Going straight,Passenger,Male,Under 18,3,Driver,Normal,Not a Pedestrian,Moving Backward,Slight Injury
Sunday,31-50,Male,Elementary school,Employee,2-5yr,Stationwagen,Owner,Unknown,No defect,Other,Two-way (divided with broken lines road marking),Tangent road with flat terrain,Y Shape,Asphalt roads,Wet or damp,Daylight,Raining,Vehicle with vehicle collision,2,1,Going straight,na,na,na,na,Driver,Normal,Not a Pedestrian,No distancing,Slight Injury
Friday,31-50,Male,Elementary school,Employee,5-10yr,Other,Owner,Unknown,, Church areas,other,Tangent road with flat terrain,Crossing,Asphalt roads,Dry,Daylight,Normal,Vehicle with vehicle collision,2,1,Moving Backward,Driver or rider,Female,18-30,3,Driver,Normal,Not a Pedestrian,Moving Backward,Slight Injury
Friday,31-50,Male,Junior high school,Employee,Above 10yr,,Owner,Unknown,No defect, Church areas,Two-way (divided with broken lines road marking),Tangent road with flat terrain,No junction,Asphalt roads,Wet or damp,Darkness - lights lit,Normal,Vehicle with vehicle collision,2,1,Going straight,Pedestrian,Female,31-50,3,Driver,Normal,Crossing from nearside - masked by parked or statioNot a Pedestrianry vehicle,Changing lane to the left,Slight Injury
Friday,18-30,Male,Junior high school,Owner,5-10yr,Automobile,Owner,Unknown,No defect,Office areas,Two-way (divided with broken lines road marking),Tangent road with flat terrain,Crossing,Asphalt roads,Dry,Daylight,Normal,Vehicle with vehicle collision,2,1,Reversing,na,na,na,na,Driver,Normal,Not a Pedestrian,No distancing,Slight Injury
Friday,31-50,Male,Junior high school,Employee,Below 1yr,Pick up upto 10Q,Governmental,2-5yrs,,Office areas,Undivided Two way,Tangent road with flat terrain,Y Shape,Asphalt roads,Wet or damp,Daylight,Normal,Vehicle with vehicle collision,1,1,Going straight,na,na,na,na,Driver,Normal,Not a Pedestrian,Other,Slight Injury
Wednesday,18-30,Male,Junior high school,Employee,Above 10yr,Special vehicle,Owner,1-2yr,No defect,Residential areas,other,Steep grade downward with mountainous terrain,Y Shape,Gravel roads,Wet or damp,Daylight,Raining,Vehicle with vehicle collision,2,4,Going straight,Driver or rider,Male,18-30,3,Self-employed,Normal,Not a Pedestrian,No distancing,Slight Injury
Wednesday,18-30,Male,High school,Employee,Above 10yr,Taxi,Owner,1-2yr,No defect,Office areas,Undivided Two way,Escarpments,No junction,Asphalt roads,Wet or damp,Darkness - lights lit,Normal,Vehicle with vehicle collision,2,1,Going straight,Pedestrian,Female,18-30,3,Self-employed,Normal,Crossing from offside - masked by  parked or statioNot a Pedestrianry vehicle,No priority to pedestrian,Slight Injury
Saturday,18-30,Male,Junior high school,Employee,Below 1yr,Other,Owner,Above 10yr,No defect, Outside rural areas,Two-way (divided with broken lines road marking),Tangent road with mountainous terrain and,No junction,Asphalt roads,Dry,Darkness - lights lit,Cloudy,Collision with pedestrians,3,1,Going straight,Driver or rider,Male,Under 18,3,Self-employed,,Not a Pedestrian,No distancing,Slight Injury
Monday,Unknown,Male,Elementary school,Employee,5-10yr,Automobile,Governmental,2-5yrs,,  Recreational areas,Undivided Two way,Tangent road with flat terrain,Y Shape,,Wet or damp,Daylight,Other,Collision with pedestrians,1,1,Going straight,Driver or rider,Male,31-50,3,Self-employed,Normal,Not a Pedestrian,No distancing,Slight Injury
Sunday,18-30,Male,Elementary school,Employee,5-10yr,,Organization,Above 10yr,No defect,Other,Two-way (divided with broken lines road marking),Tangent road with flat terrain,Crossing,Asphalt roads,Dry,Darkness - lights lit,Normal,Vehicle with vehicle collision,2,5,Other,Passenger,Male,18-30,3,Employee,Normal,Not a Pedestrian,No priority to vehicle,Slight Injury
Tuesday,18-30,Male,Junior high school,,5-10yr,Lorry (41?100Q),Owner,,,Office areas,Two-way (divided with broken lines road marking),Tangent road with flat terrain,No junction,Asphalt roads,Dry,Darkness - lights lit,Normal,Vehicle with vehicle collision,3,1,Going straight,Pedestrian,Female,18-30,3,Driver,Normal,Not a Pedestrian,No distancing,Slight Injury
Friday,Unknown,Male,Junior high school,Employee,2-5yr,Public (> 45 seats),Owner,2-5yrs,No defect,Office areas,Two-way (divided with broken lines road marking),Tangent road with mild grade and flat terrain,No junction,Gravel roads,Dry,Darkness - lights lit,Normal,Vehicle with vehicle collision,2,1,Going straight,na,na,na,na,Driver,Normal,Not a Pedestrian,Driving at high speed,Serious Injury
Friday,18-30,Female,Elementary school,Employee,5-10yr,Lorry (41?100Q),,,,Residential areas,other,,Crossing,Asphalt roads,Dry,Daylight,Normal,Vehicle with vehicle collision,4,5,Going straight,na,na,na,na,Driver,Normal,Not a Pedestrian,Moving Backward,Slight Injury
Tuesday,18-30,Male,Above high school,Employee,5-10yr,,Owner,5-10yrs,,Office areas,Two-way (divided with broken lines road marking),Tangent road with flat terrain,Y Shape,Asphalt roads,Dry,Daylight,Normal,Vehicle with vehicle collision,2,2,Going straight,na,na,na,na,,,Not a Pedestrian,Overtaking,Slight Injury
Tuesday,18-30,Male,Junior high school,Employee,2-5yr,Lorry (41?100Q),Organization,Unknown,,Other,other,Tangent road with flat terrain,Other,Asphalt roads,Dry,Daylight,Normal,Collision with roadside objects,1,1,Going straight,Passenger,Female,18-30,3,,,Not a Pedestrian,No priority to vehicle,Serious Injury
Saturday,18-30,Male,Junior high school,Employee,5-10yr,,Organization,Above 10yr,No defect,Other,Two-way (divided with broken lines road marking),Tangent road with flat terrain,Other,Asphalt roads,Dry,Darkness - lights lit,Normal,Collision with roadside objects,3,6,Getting off,Pedestrian,Female,31-50,3,Driver,Normal,Not a Pedestrian,Changing lane to the right,Slight Injury
Saturday,Unknown,Male,Junior high school,,Below 1yr,Automobile,Owner,5-10yrs,No defect,Other,Two-way (divided with broken lines road marking),Tangent road with flat terrain,No junction,Asphalt roads,Dry,Darkness - lights lit,Normal,Vehicle with vehicle collision,2,2,Going straight,na,na,na,na,Driver,Normal,Not a Pedestrian,Other,Slight Injury
Friday,31-50,Male,Elementary school,Employee,5-10yr,Automobile,Owner,5-10yrs,No defect,Office areas,Two-way (divided with broken lines road marking),Tangent road with flat terrain,O Shape,Asphalt roads,Dry,Daylight,Normal,Collision with pedestrians,2,1,Entering a junction,na,na,na,na,Other,Normal,Not a Pedestrian,No priority to vehicle,Slight Injury
Wednesday,18-30,Male,Junior high school,Other,No Licence,Automobile,Owner,,,Office areas,One way,Tangent road with flat terrain,Y Shape,Earth roads,Dry,Daylight,Normal,Vehicle with vehicle collision,2,1,Going straight,na,na,na,na,,,Not a Pedestrian,No distancing,Slight Injury
Monday,Under 18,Male,High school,Owner,1-2yr,Automobile,Owner,Above 10yr,No defect,Other,other,Tangent road with flat terrain,Crossing,Asphalt roads,Dry,Darkness - lights lit,Normal,Collision with pedestrians,2,1,Moving Backward,Driver or rider,Male,18-30,3,Driver,Normal,Not a Pedestrian,Driving carelessly,Slight Injury
Monday,18-30,Male,Junior high school,Employee,Above 10yr,Other,Owner,5-10yrs,,Office areas,Double carriageway (median),Tangent road with flat terrain,Y Shape,Asphalt roads,Dry,Daylight,Normal,Vehicle with vehicle collision,1,2,Going straight,Driver or rider,Male,31-50,3,Driver,Normal,Not a Pedestrian,No distancing,Slight Injury
Tuesday,31-50,Male,Junior high school,Employee,Below 1yr,Stationwagen,Governmental,,No defect, Industrial areas,Undivided Two way,Tangent road with flat terrain,Crossing,Asphalt roads,Dry,Daylight,Normal,Vehicle with vehicle collision,2,1,Going straight,Pedestrian,Male,Under 18,1,Driver,Normal,Crossing from nearside - masked by parked or statioNot a Pedestrianry vehicle,No distancing,Slight Injury
Friday,31-50,Unknown,Junior high school,Employee,1-2yr,Automobile,Owner,,,Office areas,One way,Tangent road with flat terrain,Y Shape,Asphalt roads,Wet or damp,Darkness - lights lit,Raining,Collision with roadside objects,2,2,Moving Backward,Driver or rider,Male,31-50,3,,,Not a Pedestrian,Changing lane to the left,Slight Injury
Tuesday,18-30,Male,Junior high school,Employee,5-10yr,Stationwagen,Owner,Below 1yr,,Other,Undivided Two way,Tangent road with mild grade and flat terrain,Y Shape,Asphalt roads,Wet or damp,Daylight,Normal,Vehicle with vehicle collision,3,1,Going straight,Driver or rider,Male,18-30,3,Self-employed,Normal,Not a Pedestrian,Changing lane to the right,Slight Injury
Saturday,18-30,Male,Junior high school,Employee,Above 10yr,Pick up upto 10Q,Owner,5-10yrs,No defect,Other,Two-way (divided with broken lines road marking),Tangent road with flat terrain,No junction,Asphalt roads,Wet or damp,Darkness - lights lit,Raining,Vehicle with vehicle collision,2,2,Other,Passenger,Male,Under 18,3,,,Not a Pedestrian,No distancing,Slight Injury
Friday,Under 18,Male,Junior high school,Employee,1-2yr,Stationwagen,Owner,Unknown,No defect,Residential areas,Double carriageway (median),Tangent road with flat terrain,Y Shape,Asphalt roads,Dry,Daylight,Normal,Vehicle with vehicle collision,2,1,Going straight,Driver or rider,Male,31-50,3,Other,Normal,Not a Pedestrian,Changing lane to the right,Slight Injury
Sunday,18-30,Male,High school,Employee,5-10yr,Lorry (41?100Q),Owner,1-2yr,No defect,Other,Two-way (divided with broken lines road marking),Tangent road with flat terrain,Y Shape,Asphalt roads with some distress,Wet or damp,Daylight,Raining,Vehicle with vehicle collision,2,4,Moving Backward,Passenger,Female,31-50,3,Driver,Normal,Not a Pedestrian,Moving Backward,Slight Injury
Tuesday,18-30,Male,Junior high school,Employee,5-10yr,Automobile,Owner,Above 10yr,No defect,Residential areas,Two-way (divided with broken lines road marking),Tangent road with flat terrain,,Asphalt roads,Dry,Darkness - lights lit,Normal,Collision with animals,2,1,U-Turn,Driver or rider,Male,31-50,3,,,Not a Pedestrian,Other,Slight Injury
Tuesday,18-30,Male,Junior high school,Employee,Above 10yr,Pick up upto 10Q,Owner,Unknown,,Residential areas,Two-way (divided with broken lines road marking),Tangent road with flat terrain,Other,Other,Dry,Daylight,Normal,Vehicle with vehicle collision,3,1,Going straight,Driver or rider,Male,Over 51,3,Driver,Normal,Not a Pedestrian,Driving to the left,Slight Injury
Tuesday,31-50,Male,Junior high school,Employee,2-5yr,Lorry (41?100Q),Owner,,No defect,Office areas,Double carriageway (median),Tangent road with flat terrain,Y Shape,Asphalt roads,Dry,Darkness - lights lit,Normal,Collision with roadside objects,1,1,Going straight,na,na,na,na,,,Not a Pedestrian,Overtaking,Slight Injury
Saturday,18-30,Male,Above high school,Employee,Above 10yr,Automobile,Owner,5-10yrs,No defect,Other,Undivided Two way,Tangent road with flat terrain,Crossing,Asphalt roads,Dry,Darkness - lights lit,Normal,Vehicle with vehicle collision,1,1,Going straight,Passenger,Female,Under 18,2,Driver,Normal,Not a Pedestrian,Moving Backward,Slight Injury
Saturday,18-30,Male,Junior high school,Employee,Below 1yr,Other,Owner,Above 10yr,No defect,Office areas,Two-way (divided with broken lines road marking),Sharp reverse curve,Y Shape,Asphalt roads,Dry,Darkness - lights lit,Normal,Vehicle with vehicle collision,2,2,Going straight,Passenger,Male,31-50,3,Driver,Normal,Not a Pedestrian,Driving carelessly,Slight Injury
Tuesday,31-50,Male,Junior high school,Employee,2-5yr,Automobile,Owner,Unknown,,Office areas,Two-way (divided with broken lines road marking),Tangent road with flat terrain,Y Shape,Asphalt roads,Wet or damp,Darkness - lights lit,Normal,Collision with roadside objects,1,2,Reversing,Driver or rider,Male,5,3,Driver,Normal,Not a Pedestrian,No priority to pedestrian,Slight Injury
Saturday,31-50,Male,Junior high school,Employee,5-10yr,Automobile,Owner,1-2yr,,Office areas,Two-way (divided with broken lines road marking),Tangent road with mild grade and flat terrain,Y Shape,Asphalt roads,Dry,Daylight,Unknown,Vehicle with vehicle collision,2,1,Going straight,Driver or rider,Male,18-30,3,,,Not a Pedestrian,Changing lane to the right,Slight Injury
Tuesday,Over 51,Male,Junior high school,Employee,1-2yr,Public (13?45 seats),Owner,2-5yrs,No defect, Church areas,One way,Tangent road with flat terrain,Y Shape,Asphalt roads,Dry,Daylight,Normal,Collision with pedestrians,2,1,Moving Backward,Driver or rider,Female,18-30,3,Driver,Normal,Not a Pedestrian,Driving to the left,Slight Injury
Thursday,18-30,Male,,Employee,,Long lorry,Owner,,,Other,Two-way (divided with broken lines road marking),Tangent road with flat terrain,No junction,Asphalt roads,Dry,Daylight,Normal,Vehicle with vehicle collision,2,1,Going straight,na,na,na,na,Driver,Normal,Not a Pedestrian,Overtaking,Slight Injury
Friday,Under 18,Male,High school,Employee,2-5yr,Lorry (11?40Q),Owner,Unknown,,Other,other,Tangent road with flat terrain,Crossing,Earth roads,Dry,Darkness - lights lit,Other,Collision with roadside objects,2,3,Going straight,Pedestrian,Male,18-30,3,Driver,Normal,Crossing from nearside - masked by parked or statioNot a Pedestrianry vehicle,No priority to vehicle,Slight Injury
Friday,18-30,Male,Elementary school,Employee,5-10yr,Other,Owner,Unknown,,Office areas,Double carriageway (median),Tangent road with flat terrain,No junction,Asphalt roads,Dry,Daylight,Normal,Vehicle with vehicle collision,2,1,Other,Pedestrian,Female,Over 51,3,Employee,,Unknown or other,Changing lane to the left,Slight Injury
Monday,31-50,Male,Junior high school,Employee,Below 1yr,Lorry (41?100Q),Owner,Unknown,No defect, Church areas,Undivided Two way,Tangent road with flat terrain,Y Shape,Asphalt roads,Dry,Daylight,Normal,Collision with roadside objects,2,6,Going straight,Driver or rider,Male,31-50,3,,,Not a Pedestrian,Changing lane to the left,Slight Injury
Friday,31-50,Male,Junior high school,Employee,5-10yr,Automobile,Owner,1-2yr,No defect,Office areas,Undivided Two way,Tangent road with mild grade and flat terrain,Crossing,Earth roads,Dry,Darkness - lights lit,Normal,Collision with roadside-parked vehicles,2,1,Going straight,Driver or rider,Male,31-50,2,,,Not a Pedestrian,Changing lane to the right,Slight Injury
Thursday,31-50,Male,Junior high school,Employee,5-10yr,Lorry (41?100Q),Owner,Unknown,No defect,Residential areas,Undivided Two way,Tangent road with flat terrain,Y Shape,Asphalt roads,Dry,Daylight,Normal,Vehicle with vehicle collision,2,1,Going straight,na,na,na,na,Driver,Normal,Not a Pedestrian,No priority to vehicle,Slight Injury
Wednesday,18-30,Male,Above high school,Employee,5-10yr,Other,Owner,2-5yrs,,Residential areas,other,Tangent road with flat terrain,No junction,Asphalt roads,Dry,Daylight,Normal,Collision with pedestrians,2,4,Going straight,Pedestrian,Male,Over 51,3,Employee,Normal,Unknown or other,No distancing,Slight Injury
Thursday,31-50,Male,Junior high school,Employee,Above 10yr,Lorry (41?100Q),Owner,Above 10yr,,Office areas,other,Tangent road with mountainous terrain and,Crossing,Asphalt roads,Dry,Daylight,Normal,Vehicle with vehicle collision,2,2,Overtaking,na,na,na,na,Self-employed,Normal,Not a Pedestrian,Changing lane to the right,Slight Injury
Friday,31-50,Male,Junior high school,Employee,Below 1yr,Automobile,Owner,1-2yr,No defect,Other,Undivided Two way,Tangent road with flat terrain,No junction,Asphalt roads,Dry,Daylight,Normal,Vehicle with vehicle collision,3,3,Unknown,Pedestrian,Male,Under 18,2,Driver,Normal,Crossing from driver's nearside,Moving Backward,Slight Injury
Saturday,18-30,Male,Above high school,Employee,Above 10yr,Automobile,Owner,,No defect, Outside rural areas,Undivided Two way,Tangent road with flat terrain,Y Shape,Asphalt roads,Wet or damp,Darkness - lights lit,Windy,Vehicle with vehicle collision,1,1,Going straight,na,na,na,na,Self-employed,Normal,Not a Pedestrian,Changing lane to the left,Slight Injury
Thursday,31-50,Male,Above high school,Employee,No Licence,Lorry (41?100Q),Owner,,,Other,other,Tangent road with flat terrain,No junction,Asphalt roads,Wet or damp,Daylight,Raining,Collision with roadside objects,2,1,Going straight,Driver or rider,Male,18-30,3,,,Not a Pedestrian,Driving carelessly,Slight Injury
Friday,18-30,Male,Junior high school,Employee,5-10yr,Other,Owner,Unknown,,Other,other,Tangent road with flat terrain,No junction,Asphalt roads,Dry,Darkness - lights lit,Normal,Vehicle with vehicle collision,3,1,Going straight,na,na,na,na,Self-employed,Normal,Not a Pedestrian,Driving to the left,Slight Injury
Tuesday,31-50,Male,Elementary school,Employee,2-5yr,Pick up upto 10Q,Owner,Above 10yr,No defect,Other,Undivided Two way,Tangent road with flat terrain,Crossing,Asphalt roads,Wet or damp,Daylight,Normal,Vehicle with vehicle collision,2,1,Going straight,Driver or rider,Male,31-50,3,Self-employed,Normal,Not a Pedestrian,Changing lane to the right,Serious Injury
Thursday,Under 18,Male,Junior high school,Employee,2-5yr,Other,Owner,Unknown,No defect,Residential areas,Undivided Two way,Tangent road with flat terrain,No junction,Asphalt roads,Dry,Daylight,Normal,Vehicle with vehicle collision,2,1,Going straight,na,na,na,na,Driver,Normal,Not a Pedestrian,Driving carelessly,Serious Injury
Friday,Over 51,Male,Illiterate,Owner,1-2yr,Automobile,Owner,5-10yrs,,Residential areas,Undivided Two way,Tangent road with flat terrain,Y Shape,Asphalt roads,Dry,Daylight,Normal,Collision with roadside objects,2,1,Other,na,na,na,na,Student,Normal,Not a Pedestrian,No priority to pedestrian,Serious Injury
Tuesday,18-30,Male,Elementary school,Employee,Above 10yr,Lorry (41?100Q),Owner,2-5yrs,No defect, Industrial areas,Two-way (divided with broken lines road marking),Tangent road with flat terrain,Crossing,Asphalt roads,Dry,Darkness - lights lit,Normal,Vehicle with vehicle collision,2,1,,na,na,na,na,,,Not a Pedestrian,No distancing,Slight Injury
Friday,Over 51,Male,Elementary school,Employee,2-5yr,Automobile,Owner,Unknown,No defect,Office areas,Two-way (divided with broken lines road marking),Tangent road with flat terrain,Crossing,Asphalt roads,Dry,Darkness - lights lit,Normal,Vehicle with vehicle collision,3,5,Going straight,Driver or rider,Male,18-30,3,Self-employed,Normal,Not a Pedestrian,Moving Backward,Serious Injury
Thursday,18-30,Male,Junior high school,Owner,2-5yr,Public (> 45 seats),Governmental,1-2yr,No defect,Other,Two-way (divided with broken lines road marking),Tangent road with flat terrain,Y Shape,Asphalt roads,Dry,Darkness - lights lit,Unknown,Collision with pedestrians,2,1,Going straight,Pedestrian,Female,31-50,3,Driver,Normal,Unknown or other,Changing lane to the right,Slight Injury
Thursday,18-30,Male,Junior high school,Employee,5-10yr,Turbo,Owner,2-5yrs,,Residential areas,Two-way (divided with broken lines road marking),Tangent road with flat terrain,Y Shape,Asphalt roads,Dry,Daylight,Normal,Vehicle with vehicle collision,2,1,Going straight,Pedestrian,Male,Under 18,2,,,Not a Pedestrian,Changing lane to the left,Slight Injury
Sunday,18-30,Unknown,Elementary school,Employee,5-10yr,Pick up upto 10Q,Owner,2-5yrs,No defect,Residential areas,Two-way (divided with broken lines road marking),Tangent road with flat terrain,No junction,Asphalt roads,Dry,Darkness - lights lit,Normal,Vehicle with vehicle collision,2,1,Going straight,Passenger,Male,18-30,3,Driver,Normal,Not a Pedestrian,No priority to pedestrian,Slight Injury
Sunday,31-50,Male,Elementary school,Employee,2-5yr,Lorry (41?100Q),Owner,Unknown,No defect,Other,Two-way (divided with broken lines road marking),Steep grade downward with mountainous terrain,Y Shape,Asphalt roads,Dry,Darkness - lights lit,Normal,Vehicle with vehicle collision,1,1,,Driver or rider,Male,Under 18,2,Self-employed,Normal,Not a Pedestrian,Moving Backward,Slight Injury
Friday,Under 18,Male,Junior high school,Employee,2-5yr,Lorry (11?40Q),Owner,Above 10yr,,Residential areas,Undivided Two way,Tangent road with flat terrain,No junction,Asphalt roads,Dry,Daylight,Normal,Collision with roadside objects,3,4,Going straight,na,na,na,na,,Normal,Not a Pedestrian,Changing lane to the right,Slight Injury
Wednesday,18-30,Male,Junior high school,Employee,2-5yr,Automobile,Owner,,No defect, Church areas,Undivided Two way,Tangent road with flat terrain,No junction,Asphalt roads,Dry,Daylight,Normal,Vehicle with vehicle collision,2,4,Moving Backward,na,na,na,na,Driver,Normal,Not a Pedestrian,Moving Backward,Slight Injury
Sunday,18-30,Male,Junior high school,Employee,5-10yr,Lorry (41?100Q),Owner,,,Office areas,,Tangent road with flat terrain,Unknown,Asphalt roads,Dry,Daylight,Normal,Vehicle with vehicle collision,2,2,Going straight,na,na,na,na,Driver,Normal,Not a Pedestrian,Other,Slight Injury
Saturday,Unknown,Male,Elementary school,Employee,2-5yr,Lorry (11?40Q),Owner,1-2yr,No defect, Outside rural areas,Two-way (divided with broken lines road marking),Tangent road with flat terrain,Y Shape,Asphalt roads,Dry,Daylight,Normal,Collision with roadside objects,2,1,Other,Pedestrian,Female,31-50,3,,,Not a Pedestrian,Changing lane to the right,Serious Injury
Wednesday,18-30,Male,High school,Employee,2-5yr,Other,Owner,,,Other,Two-way (divided with broken lines road marking),Tangent road with mild grade and flat terrain,Y Shape,Earth roads,Wet or damp,Daylight,Raining,Collision with roadside objects,1,1,Going straight,Driver or rider,Male,31-50,3,Employee,Normal,Not a Pedestrian,No distancing,Slight Injury
Friday,18-30,Male,Above high school,Employee,2-5yr,Automobile,Owner,2-5yrs,No defect,  Market areas,Undivided Two way,Tangent road with flat terrain,Crossing,Asphalt roads,Dry,Daylight,Normal,Collision with roadside objects,2,2,Going straight,Pedestrian,Male,Under 18,2,Driver,Normal,Crossing from nearside - masked by parked or statioNot a Pedestrianry vehicle,No priority to pedestrian,Slight Injury
Thursday,31-50,Male,Junior high school,Employee,2-5yr,Motorcycle,Owner,Unknown,No defect,Other,Two-way (divided with broken lines road marking),Tangent road with flat terrain,Crossing,Asphalt roads,Dry,Daylight,Normal,Vehicle with vehicle collision,2,1,Going straight,na,na,na,na,,,Not a Pedestrian,No priority to pedestrian,Slight Injury
Friday,Unknown,Male,Junior high school,Employee,5-10yr,Lorry (41?100Q),Owner,Unknown,No defect,Other,Two-way (divided with broken lines road marking),Tangent road with flat terrain,No junction,Asphalt roads,Dry,Daylight,Normal,Vehicle with vehicle collision,2,1,Going straight,Driver or rider,Male,31-50,2,Self-employed,Normal,Not a Pedestrian,No priority to vehicle,Slight Injury
Thursday,31-50,Male,Illiterate,Employee,2-5yr,Stationwagen,Owner,,No defect, Industrial areas,Unknown,Tangent road with flat terrain,No junction,Asphalt roads,Dry,Daylight,Normal,Vehicle with vehicle collision,3,1,Other,Driver or rider,Male,31-50,3,,Normal,Not a Pedestrian,Other,Slight Injury
Saturday,31-50,Male,Junior high school,Employee,2-5yr,Automobile,Owner,,No defect,Other,Undivided Two way,Tangent road with flat terrain,Crossing,Asphalt roads,Dry,Daylight,Normal,,2,1,Other,Passenger,Female,Under 18,3,,,Not a Pedestrian,No priority to pedestrian,Serious Injury
Thursday,Unknown,Female,Elementary school,Employee,2-5yr,Automobile,Owner,2-5yrs,,School areas,Undivided Two way,Tangent road with mild grade and flat terrain,No junction,Asphalt roads,Dry,Daylight,Normal,Vehicle with vehicle collision,2,1,Going straight,Pedestrian,Male,Under 18,3,Driver,Normal,Not a Pedestrian,No priority to vehicle,Slight Injury
Tuesday,18-30,Male,Junior high school,Employee,5-10yr,Stationwagen,Governmental,,No defect,Office areas,Undivided Two way,Tangent road with flat terrain,No junction,Asphalt roads,Wet or damp,Daylight,Raining,Vehicle with vehicle collision,2,4,Going straight,Driver or rider,Male,18-30,3,Driver,Normal,Not a Pedestrian,No priority to vehicle,Slight Injury
Wednesday,31-50,Male,Junior high school,Employee,5-10yr,,Owner,,,Office areas,Undivided Two way,Tangent road with flat terrain,Y Shape,Asphalt roads,Dry,Daylight,Normal,Vehicle with vehicle collision,3,1,Going straight,na,na,na,na,,Normal,Not a Pedestrian,Moving Backward,Slight Injury
Monday,18-30,Male,Junior high school,Employee,5-10yr,Lorry (41?100Q),Governmental,,No defect,Other,Undivided Two way,Tangent road with flat terrain,Crossing,Asphalt roads,Dry,Darkness - lights lit,Normal,Collision with pedestrians,2,5,Going straight,Driver or rider,Male,31-50,3,Self-employed,Normal,Not a Pedestrian,Changing lane to the left,Slight Injury
Friday,31-50,Male,Junior high school,Employee,1-2yr,Stationwagen,Owner,2-5yrs,,Other,Undivided Two way,Tangent road with flat terrain,Crossing,Asphalt roads,Dry,Daylight,Normal,Vehicle with vehicle collision,2,1,Going straight,na,na,na,na,,,Not a Pedestrian,Driving at high speed,Slight Injury
Saturday,31-50,Male,Junior high school,Employee,5-10yr,Automobile,Owner,,No defect,  Recreational areas,One way,Tangent road with mild grade and flat terrain,Y Shape,Asphalt roads,Dry,Darkness - lights lit,Normal,Vehicle with vehicle collision,2,1,Going straight,Driver or rider,Male,18-30,2,Other,Normal,Not a Pedestrian,No priority to pedestrian,Slight Injury
Thursday,Unknown,Male,,,,Public (12 seats),Owner,,,Residential areas,other,Tangent road with flat terrain,Crossing,Asphalt roads,Dry,Daylight,Normal,Vehicle with vehicle collision,2,2,Going straight,Passenger,Male,Over 51,3,,Normal,Not a Pedestrian,Other,Slight Injury
Saturday,31-50,Male,Junior high school,Employee,1-2yr,Other,Owner,Unknown,,Office areas,One way,Tangent road with flat terrain,Y Shape,Asphalt roads,Dry,Daylight,Normal,Vehicle with vehicle collision,1,1,Turnover,Driver or rider,Male,18-30,3,Driver,Normal,Not a Pedestrian,No priority to vehicle,Serious Injury
Saturday,18-30,Male,,,,Lorry (41?100Q),Owner,Unknown,No defect,Residential areas,Undivided Two way,Tangent road with flat terrain,No junction,Asphalt roads,Dry,Darkness - lights lit,Normal,Vehicle with vehicle collision,3,3,Going straight,Driver or rider,Male,18-30,3,Driver,Normal,Not a Pedestrian,Overturning,Serious Injury
Saturday,18-30,Male,Junior high school,Employee,5-10yr,Other,Owner,Unknown,No defect,School areas,,Tangent road with flat terrain,Y Shape,Asphalt roads,Dry,Daylight,Normal,Vehicle with vehicle collision,1,1,Stopping,na,na,na,na,Self-employed,Normal,Not a Pedestrian,Changing lane to the left,Serious Injury