Day_of_week,Age_band_of_driver,Sex_of_driver,Educational_level,Vehicle_driver_relation,Driving_experience,Type_of_vehicle,Owner_of_vehicle,Service_year_of_vehicle,Defect_of_vehicle,Area_accident_occured,Lanes_or_Medians,Road_allignment,Types_of_Junction,Road_surface_type,Road_surface_conditions,Light_conditions,Weather_conditions,Type_of_collision,Number_of_vehicles_involved,Number_of_casualties,Vehicle_movement,Casualty_class,Sex_of_casualty,Age_band_of_casualty,Casualty_severity,Work_of_casuality,Fitness_of_casuality,Pedestrian_movement,Cause_of_accident,Accident_severity
Friday,31-50,Male,Junior high school,Employee,5-10yr,Other,Owner,,7, Outside rural areas,other,Tangent road with flat terrain,Y Shape,Asphalt roads,Dry,Daylight,Normal,Vehicle with vehicle collision,2,1,Other,na,na,na,na,,,Not a Pedestrian,No distancing,Slight Injury
Sunday,Over 51,Male,Junior high school,Employee,2-5yr,Pick up upto 10Q,Owner,,,Office areas,Two-way (divided with broken lines road marking),Tangent road with flat terrain,Y Shape,Asphalt roads,Wet or damp,Daylight,Normal,Vehicle with vehicle collision,2,1,Going straight,na,na,na,na,Self-employed,Normal,Not a Pedestrian,No distancing,Slight Injury
Saturday,Under 18,Male,Unknown,Employee,Above 10yr,Automobile,Owner,2-5yrs,No defect,Other,Two-way (divided with broken lines road marking),Tangent road with flat terrain,Y Shape,Asphalt roads,Dry,Darkness - lights lit,Normal,Collision with pedestrians,2,3,Going straight,na,na,na,na,Other,Normal,Not a Pedestrian,Driving under the influence of drugs,Slight Injury
Sunday,31-50,Male,Junior high school,Employee,2-5yr,Other,Owner,,,Office areas,Two-way (divided with broken lines road marking),Tangent road with flat terrain,No junction,Asphalt roads,Wet or damp,Daylight,Normal,Vehicle with vehicle collision,2,2,Moving Backward,na,na,na,na,Driver,Normal,Not a Pedestrian,Driving carelessly,Slight Injury
Wednesday,18-30,Male,Elementary school,Employee,2-5yr,Lorry (41?100Q),Owner,,No defect,Residential areas,Double carriageway (median),Tangent road with flat terrain,No junction,Asphalt roads,Wet or damp,Daylight,Normal,Collision with roadside objects,3,2,Going straight,Driver or rider,Female,31-50,2,,,Not a Pedestrian,Overtaking,Serious Injury
Tuesday,18-30,Male,Junior high school,Employee,2-5yr,Long lorry,Owner,5-10yrs,,Other,One way,Tangent road with flat terrain,Crossing,Asphalt roads,Dry,Daylight,Normal,Vehicle with vehicle collision,2,3,Going straight,Driver or rider,Male,Under 18,2,Employee,Normal,Not a Pedestrian,No priority to pedestrian,Slight Injury
Monday,Under 18,Male,Junior high school,Employee,1-2yr,Lorry (41?100Q),Governmental,,No defect,Office areas,other,Tangent road with mild grade and flat terrain,No junction,Asphalt roads,Wet or damp,Daylight,Raining,Vehicle with vehicle collision,1,1,Going straight,na,na,na,na,Driver,Normal,Not a Pedestrian,Changing lane to the left,Slight Injury
Wednesday,31-50,Male,Junior high school,Employee,1-2yr,Automobile,Owner,2-5yrs,,Office areas,Undivided Two way,Tangent road with flat terrain,Y Shape,Asphalt roads,Dry,Daylight,Other,Collision with pedestrians,2,1,Going straight,na,na,na,na,Driver,Normal,Not a Pedestrian,No priority to pedestrian,Slight Injury
Sunday,31-50,Male,Junior high school,Employee,5-10yr,Other,Owner,5-10yrs,, Church areas,One way,Tangent road with flat terrain,No junction,Asphalt roads,Wet or damp,Darkness - lights lit,Normal,Vehicle with vehicle collision,2,5,Going straight,Driver or rider,Male,Over 51,3,Self-employed,Normal,Not a Pedestrian,No distancing,Slight Injury
Thursday,31-50,Male,Junior high school,,Below 1yr,Bajaj,Owner,Unknown,,Other,Two-way (divided with broken lines road marking),Tangent road with flat terrain,No junction,Asphalt roads,Dry,Daylight,Normal,Vehicle with vehicle collision,1,4,Going straight,na,na,na,na,,,Not a Pedestrian,No priority to vehicle,Slight Injury
Sunday,18-30,Male,Elementary school,Employee,5-10yr,Lorry (11?40Q),Governmental,,No defect,Residential areas,Two-way (divided with broken lines road marking),Tangent road with flat terrain,No junction,Asphalt roads,Wet or damp,Daylight,Windy,Vehicle with vehicle collision,2,3,Going straight,Pedestrian,Male,Over 51,3,Driver,Normal,Not a Pedestrian,Driving to the left,Serious Injury
Sunday,Unknown,Female,Junior high school,Employee,1-2yr,Automobile,Owner,2-5yrs,No defect,Residential areas,One way,Tangent road with flat terrain,Y Shape,Asphalt roads,Dry,Daylight,Normal,Collision with roadside objects,2,1,Getting off,Passenger,Male,Over 51,3,,,Not a Pedestrian,Changing lane to the right,Slight Injury
Saturday,18-30,Male,Junior high school,Employee,5-10yr,Other,Organization,Unknown,,  Recreational areas,Two-way (divided with broken lines road marking),Tangent road with flat terrain,No junction,Asphalt roads,Wet or damp,Daylight,Raining,Vehicle with vehicle collision,2,3,Going straight,Driver or rider,Male,31-50,2,Self-employed,Normal,Not a Pedestrian,Changing lane to the left,Slight Injury
Thursday,31-50,Male,Junior high school,Employee,5-10yr,Pick up upto 10Q,Owner,,,Residential areas,other,Tangent road with flat terrain,No junction,Asphalt roads,Wet or damp,Darkness - lights lit,Raining,Vehicle with vehicle collision,2,1,Going straight,na,na,na,na,Employee,Normal,Not a Pedestrian,Overtaking,Slight Injury
Thursday,31-50,Male,Junior high school,Employee,1-2yr,Automobile,Owner,,,Office areas,Undivided Two way,Tangent road with flat terrain,No junction,Asphalt roads,Dry,Daylight,Normal,Vehicle with vehicle collision,3,2,Going straight,Driver or rider,Male,18-30,3,Driver,Normal,Not a Pedestrian,No distancing,Serious Injury
Saturday,18-30,Male,Elementary school,Employee,Below 1yr,Other,Owner,Above 10yr,No defect,Other,Undivided Two way,Tangent road with flat terrain,Y Shape,Asphalt roads,Dry,Darkness - lights lit,Normal,Vehicle with vehicle collision,2,2,Going straight,na,na,na,na,Driver,Normal,Not a Pedestrian,No priority to pedestrian,Slight Injury
Friday,Over 51,Male,Junior high school,Employee,1-2yr,Lorry (41?100Q),Owner,5-10yrs,,Residential areas,Undivided Two way,Tangent road with flat terrain,Y Shape,Asphalt roads,Dry,Daylight,Normal,Collision with roadside objects,2,1,Going straight,Passenger,Male,31-50,3,Driver,Normal,Not a Pedestrian,Driving at high speed,Slight Injury
Monday,31-50,Male,Junior high school,Employee,1-2yr,Automobile,Owner,2-5yrs,,Office areas,Double carriageway (median),Tangent road with flat terrain,Crossing,Asphalt roads,Wet or damp,Daylight,Other,Vehicle with vehicle collision,2,1,Going straight,Pedestrian,Female,18-30,3,,Normal,Not a Pedestrian,No distancing,Slight Injury
Saturday,31-50,Male,Elementary school,Employee,5-10yr,Lorry (41?100Q),,,,Other,Undivided Two way,Tangent road with flat terrain,No junction,Earth roads,Wet or damp,Daylight,Other,Vehicle with vehicle collision,2,1,Going straight,Driver or rider,Male,31-50,3,Self-employed,NormalNormal,Not a Pedestrian,No priority to vehicle,Slight Injury
Tuesday,18-30,Male,Junior high school,Employee,Above 10yr,Long lorry,Owner,Unknown,No defect,Office areas,Undivided Two way,Tangent road with flat terrain,No junction,Earth roads,Dry,Daylight,Normal,Vehicle with vehicle collision,2,1,Going straight,Driver or rider,Male,18-30,2,Employee,Normal,Not a Pedestrian,Driving carelessly,Slight Injury
Thursday,18-30,Male,Elementary school,Employee,2-5yr,Automobile,Owner,,No defect, Church areas,Two-way (divided with broken lines road marking),Tangent road with flat terrain,O Shape,Asphalt roads,Dry,Darkness - lights lit,Normal,Vehicle with vehicle collision,2,1,Other,Pedestrian,Male,18-30,3,Driver,Normal,Not a Pedestrian,Changing lane to the left,Slight Injury
Sunday,Unknown,Female,High school,Owner,Above 10yr,,Owner,Below 1yr,No defect,Residential areas,Two-way (divided with broken lines road marking),Tangent road with flat terrain,Y Shape,Asphalt roads,Dry,Darkness - lights lit,Normal,Vehicle with vehicle collision,2,1,Moving Backward,Driver or rider,Male,Over 51,3,Self-employed,Normal,Not a Pedestrian,No priority to vehicle,Slight Injury
Sunday,31-50,Male,Junior high school,Employee,5-10yr,Automobile,Owner,1-2yr,No defect,Residential areas,Undivided Two way,Tangent road with flat terrain,No junction,Asphalt roads,Wet or damp,Daylight,Normal,Vehicle with vehicle collision,2,1,Going straight,na,na,na,na,,,Not a Pedestrian,Overtaking,Slight Injury
Monday,18-30,Male,Junior high school,Employee,5-10yr,Automobile,Owner,Unknown,,Other,Undivided Two way,Tangent road with flat terrain,Unknown,Asphalt roads,Dry,Daylight,Normal,Collision with roadside objects,4,1,Going straight,Passenger,Male,18-30,3,Driver,Normal,Not a Pedestrian,No priority to pedestrian,Slight Injury
Monday,Unknown,Female,Elementary school,Employee,1-2yr,Lorry (11?40Q),Owner,,No defect,Office areas,One way,Tangent road with flat terrain,Unknown,Asphalt roads,Dry,Daylight,Normal,Vehicle with vehicle collision,2,2,Reversing,Driver or rider,Male,31-50,3,Employee,Normal,Not a Pedestrian,No priority to vehicle,Slight Injury
Thursday,31-50,Male,High school,Owner,5-10yr,Lorry (41?100Q),Owner,5-10yrs,, Church areas,other,Tangent road with flat terrain,Y Shape,Asphalt roads,Dry,Daylight,Normal,Rollover,2,3,Going straight,Passenger,Female,Over 51,3,Self-employed,Normal,Not a Pedestrian,Driving carelessly,Slight Injury
Saturday,31-50,Male,Elementary school,Owner,5-10yr,Public (12 seats),Owner,Above 10yr,No defect,Office areas,Two-way (divided with broken lines road marking),Sharp reverse curve,No junction,Asphalt roads,Dry,Daylight,Normal,Vehicle with vehicle collision,2,1,Going straight,Driver or rider,Female,31-50,3,,,Not a Pedestrian,No priority to vehicle,Slight Injury
Monday,31-50,Male,Junior high school,Employee,1-2yr,Automobile,Owner,,No defect,Other,Two-way (divided with broken lines road marking),Tangent road with flat terrain,Y Shape,Asphalt roads,Dry,Daylight,Normal,Vehicle with vehicle collision,1,1,Turnover,Pedestrian,Female,18-30,2,Self-employed,Normal,Crossing from driver's nearside,No priority to pedestrian,Serious Injury
Wednesday,Under 18,Male,Elementary school,Employee,2-5yr,Automobile,Owner,5-10yrs,, Church areas,Two-way (divided with broken lines road marking),Tangent road with flat terrain,,Asphalt roads,Dry,Darkness - lights lit,Normal,Vehicle with vehicle collision,1,1,Going straight,na,na,na,na,Self-employed,Normal,Not a Pedestrian,Changing lane to the left,Serious Injury
Tuesday,Over 51,Male,,Owner,,Long lorry,Owner,Unknown,,Other,Undivided Two way,Tangent road with flat terrain,No junction,Asphalt roads,Dry,Daylight,Normal,Rollover,3,1,Going straight,Driver or rider,Female,31-50,3,Other,Normal,Not a Pedestrian,Driving carelessly,Slight Injury
Saturday,31-50,Male,High school,Employee,2-5yr,Lorry (41?100Q),Owner,Unknown,,Other,Two-way (divided with broken lines road marking),Tangent road with flat terrain,No junction,Asphalt roads,Dry,Daylight,Normal,Collision with roadside objects,1,1,Turnover,Driver or rider,Male,31-50,3,,,Not a Pedestrian,Changing lane to the left,Serious Injury
Friday,31-50,Male,Junior high school,Employee,5-10yr,Lorry (41?100Q),Owner,Unknown,7,Other,other,Tangent road with flat terrain,Crossing,Asphalt roads,Dry,Daylight,Normal,Vehicle with vehicle collision,2,1,Going straight,na,na,na,na,,,Not a Pedestrian,No distancing,Slight Injury
Wednesday,31-50,Male,Junior high school,Employee,5-10yr,Taxi,Owner,,No defect,  Recreational areas,Two-way (divided with broken lines road marking),Tangent road with flat terrain,No junction,Asphalt roads,Dry,Daylight,Cloudy,Vehicle with vehicle collision,2,1,Going straight,Passenger,Female,Over 51,3,Driver,Normal,Not a Pedestrian,Changing lane to the left,Slight Injury
Thursday,31-50,Male,Junior high school,Employee,Below 1yr,Lorry (41?100Q),Governmental,Below 1yr,No defect,  Recreational areas,Two-way (divided with broken lines road marking),Tangent road with flat terrain,Other,,Dry,Daylight,Normal,Vehicle with vehicle collision,2,1,Going straight,na,na,na,na,Driver,Normal,Not a Pedestrian,Changing lane to the left,Slight Injury
Saturday,18-30,Male,Junior high school,Employee,Below 1yr,Lorry (41?100Q),Owner,5-10yrs,No defect,Other,Undivided Two way,Tangent road with flat terrain,Unknown,Asphalt roads,Dry,Daylight,Normal,Rollover,1,1,Going straight,na,na,na,na,,Normal,Not a Pedestrian,No priority to pedestrian,Slight Injury
Wednesday,Over 51,Male,Elementary school,Owner,Above 10yr,Automobile,Governmental,2-5yrs,,Other,Two-way (divided with broken lines road marking),Tangent road with flat terrain,No junction,Asphalt roads,Dry,Daylight,Normal,Rollover,2,1,Going straight,Driver or rider,Male,Under 18,2,Driver,Normal,Not a Pedestrian,No distancing,Slight Injury
Thursday,Over 51,Male,Junior high school,Employee,2-5yr,Automobile,Owner,Above 10yr,No defect, Hospital areas,Two-way (divided with broken lines road marking),Tangent road with flat terrain,,Asphalt roads,Dry,Daylight,Normal,Vehicle with vehicle collision,2,1,Moving Backward,na,na,na,na,,Normal,Not a Pedestrian,Driving carelessly,Slight Injury
Thursday,31-50,Male,Junior high school,Employee,5-10yr,Taxi,Owner,2-5yrs,,School areas,Undivided Two way,Tangent road with mild grade and flat terrain,T Shape,Asphalt roads,Wet or damp,Darkness - lights lit,Raining,Vehicle with vehicle collision,2,1,Going straight,Pedestrian,Male,Under 18,3,Self-employed,Normal,Unknown or other,Driving carelessly,Slight Injury
Monday,Unknown,Female,Junior high school,Employee,Below 1yr,Automobile,Owner,,,Office areas,Undivided Two way,Tangent road with flat terrain,Y Shape,Other,Dry,Darkness - lights lit,Normal,Vehicle with vehicle collision,4,1,Going straight,Driver or rider,Male,31-50,3,Driver,Normal,Not a Pedestrian,Driving at high speed,Slight Injury
Friday,18-30,Male,,,,Pick up upto 10Q,Owner,,No defect, Outside rural areas,other,Steep grade downward with mountainous terrain,No junction,Asphalt roads,Dry,Daylight,Normal,Vehicle with vehicle collision,1,1,Moving Backward,Driver or rider,Male,31-50,3,Driver,Normal,Not a Pedestrian,Other,Serious Injury
Saturday,Over 51,Male,High school,Employee,Above 10yr,Automobile,Owner,5-10yrs,No defect,School areas,other,Tangent road with flat terrain,Y Shape,Asphalt roads,Dry,Daylight,Normal,Vehicle with vehicle collision,2,1,Going straight,Driver or rider,Female,31-50,3,,,Not a Pedestrian,Driving carelessly,Slight Injury
Thursday,18-30,Male,High school,Employee,Below 1yr,Public (12 seats),Owner,Unknown,,Office areas,Undivided Two way,Tangent road with flat terrain,No junction,Asphalt roads,Dry,Darkness - no lighting,Normal,Vehicle with vehicle collision,1,2,Going straight,Driver or rider,Male,Under 18,3,Employee,Normal,Not a Pedestrian,No priority to vehicle,Serious Injury
Saturday,18-30,Male,Junior high school,Employee,2-5yr,Other,Owner,Unknown,No defect,Other,Double carriageway (median),Tangent road with flat terrain,Crossing,Asphalt roads,Wet or damp,Darkness - lights lit,Normal,Vehicle with vehicle collision,2,1,Going straight,Passenger,Female,Over 51,3,Driver,Normal,Not a Pedestrian,Changing lane to the left,Slight Injury
Tuesday,18-30,Male,,,,Motorcycle,Owner,Unknown,No defect,Other,Two-way (divided with broken lines road marking),Tangent road with flat terrain,Crossing,Asphalt roads,Wet or damp,Daylight,Normal,Vehicle with vehicle collision,4,6,Going straight,Pedestrian,Male,18-30,3,,,Not a Pedestrian,Driving to the left,Serious Injury
Saturday,18-30,Male,Junior high school,Employee,Above 10yr,Other,Owner,,No defect,Office areas,Two-way (divided with broken lines road marking),Tangent road with flat terrain,Y Shape,Asphalt roads,Wet or damp,Daylight,Normal,Vehicle with vehicle collision,2,3,Other,Driver or rider,Male,5,3,Driver,Normal,Not a Pedestrian,No priority to vehicle,Slight Injury
Saturday,Unknown,Male,Junior high school,Employee,2-5yr,Long lorry,Owner,5-10yrs,,Other,One way,Tangent road with flat terrain,Y Shape,Asphalt roads,Dry,Darkness - lights lit,Normal,Vehicle with vehicle collision,2,1,Moving Backward,Passenger,Female,Under 18,3,Employee,Normal,Not a Pedestrian,Changing lane to the right,Slight Injury
Saturday,18-30,Male,,,,Lorry (41?100Q),Owner,,No defect,Other,Two-way (divided with broken lines road marking),Tangent road with flat terrain,Y Shape,Asphalt roads,Dry,Daylight,Normal,Collision with roadside objects,2,1,Going straight,Driver or rider,Female,31-50,3,Driver,Normal,Not a Pedestrian,Driving carelessly,Slight Injury
Thursday,18-30,Male,Elementary school,Employee,Above 10yr,Special vehicle,Owner,2-5yrs,,Office areas,Two-way (divided with broken lines road marking),Tangent road with mountainous terrain and,,Asphalt roads,Dry,Daylight,Normal,Vehicle with vehicle collision,2,2,Other,na,na,na,na,Driver,Normal,Not a Pedestrian,Overtaking,Slight Injury
Monday,Unknown,Male,Elementary school,Employee,5-10yr,Stationwagen,Owner,Above 10yr,No defect,Other,Two-way (divided with broken lines road marking),Tangent road with flat terrain,Y Shape,Asphalt roads,Dry,Daylight,Normal,Vehicle with vehicle collision,2,1,Moving Backward,Driver or rider,Male,18-30,3,Driver,Normal,Not a Pedestrian,Driving carelessly,Slight Injury
Monday,31-50,Male,Elementary school,Employee,1-2yr,Lorry (41?100Q),Owner,Below 1yr,,Office areas,Undivided Two way,Tangent road with flat terrain,Y Shape,Asphalt roads,Dry,Daylight,Normal,Vehicle with vehicle collision,2,1,Going straight,Passenger,Male,18-30,3,Driver,Normal,Not a Pedestrian,Other,Serious Injury
Monday,Unknown,Male,High school,Employee,Above 10yr,Automobile,Owner,,No defect,Other,Undivided Two way,Tangent road with flat terrain,Y Shape,Asphalt roads,Wet or damp,Daylight,Raining,Vehicle with vehicle collision,2,1,Going straight,na,na,na,na,Self-employed,Normal,Not a Pedestrian,Moving Backward,Slight Injury
Tuesday,31-50,Male,Elementary school,Owner,Below 1yr,Motorcycle,Owner,Above 10yr,No defect,Office areas,Two-way (divided with broken lines road marking),Sharp reverse curve,Y Shape,Asphalt roads,Dry,Daylight,Normal,Collision with roadside objects,2,1,Going straight,na,na,na,na,Other,Normal,Not a Pedestrian,Changing lane to the left,Serious Injury
Friday,31-50,Male,Junior high school,Employee,Above 10yr,Pick up upto 10Q,Owner,5-10yrs,,Other,Undivided Two way,Tangent road with flat terrain,Y Shape,Asphalt roads,Wet or damp,Darkness - no lighting,Normal,Vehicle with vehicle collision,2,2,Moving Backward,Driver or rider,Male,Under 18,3,Driver,Normal,Not a Pedestrian,Overtaking,Serious Injury
Tuesday,Unknown,Female,Junior high school,Employee,5-10yr,,Owner,,,Office areas,Two-way (divided with broken lines road marking),Tangent road with flat terrain,No junction,Asphalt roads,Wet or damp,Darkness - lights lit,Raining,Vehicle with vehicle collision,2,1,Going straight,na,na,na,na,,,Not a Pedestrian,No priority to vehicle,Slight Injury
Tuesday,31-50,Male,Unknown,Employee,Above 10yr,Public (12 seats),Owner,1-2yr,No defect,,Two-way (divided with broken lines road marking),Tangent road with flat terrain,,Asphalt roads,Dry,Daylight,Normal,Vehicle with vehicle collision,3,1,Other,na,na,na,na,,,Not a Pedestrian,No priority to pedestrian,Slight Injury
Friday,18-30,Male,Junior high school,Employee,Above 10yr,Automobile,Owner,,No defect,Other,One way,Tangent road with flat terrain,Y Shape,Asphalt roads,Dry,Daylight,Normal,Collision with pedestrians,2,1,Going straight,Passenger,Male,18-30,3,,,Not a Pedestrian,No priority to vehicle,Slight Injury
Monday,18-30,Male,High school,Employee,Above 10yr,Lorry (41?100Q),Owner,2-5yrs,,Residential areas,One way,Tangent road with flat terrain,,Asphalt roads,Wet or damp,Daylight,Normal,Vehicle with vehicle collision,2,1,Other,na,na,na,na,Driver,Normal,Not a Pedestrian,No priority to pedestrian,Serious Injury
Wednesday,Unknown,Male,Junior high school,Employee,2-5yr,Other,Owner,2-5yrs,,Other,Undivided Two way,Tangent road with flat terrain,Y Shape,Asphalt roads,Dry,Daylight,Normal,,2,1,Entering a junction,na,na,na,na,,Normal,Not a Pedestrian,Turnover,Slight Injury
Thursday,31-50,Male,Elementary school,Employee,Above 10yr,Automobile,Owner,Unknown,No defect,Other,Two-way (divided with broken lines road marking),Tangent road with flat terrain,Other,,Dry,Daylight,Normal,Collision with animals,2,3,Going straight,Driver or rider,Female,31-50,3,Self-employed,Normal,Not a Pedestrian,No distancing,Slight Injury
Tuesday,18-30,Male,,,,Lorry (41?100Q),Owner,Unknown,No defect,Other,Two-way (divided with broken lines road marking),Tangent road with flat terrain,Y Shape,Asphalt roads,Dry,Daylight,Normal,Vehicle with vehicle collision,2,1,Going straight,Passenger,Male,Under 18,3,Driver,Normal,Not a Pedestrian,Other,Slight Injury
Saturday,Unknown,Female,Junior high school,Employee,2-5yr,Automobile,Owner,2-5yrs,,Office areas,Two-way (divided with broken lines road marking),Tangent road with mountainous terrain and,No junction,Asphalt roads,Wet or damp,Daylight,Normal,Vehicle with vehicle collision,1,1,Going straight,na,na,na,na,Driver,Normal,Not a Pedestrian,No distancing,Slight Injury
Friday,Under 18,Male,Junior high school,Employee,2-5yr,Pick up upto 10Q,Owner,,,Office areas,Double carriageway (median),Tangent road with flat terrain,Y Shape,Asphalt roads,Dry,Daylight,Normal,Rollover,2,1,Going straight,na,na,na,na,Driver,Normal,Not a Pedestrian,No priority to pedestrian,Slight Injury
Saturday,Under 18,Male,Junior high school,Employee,Below 1yr,Lorry (41?100Q),Owner,Unknown,No defect,Office areas,One way,Tangent road with flat terrain,No junction,Asphalt roads,Dry,Darkness - lights lit,Normal,Vehicle with vehicle collision,1,2,Going straight,Driver or rider,Male,18-30,3,Self-employed,Normal,Not a Pedestrian,Driving carelessly,Serious Injury
Sunday,Unknown,Male,Elementary school,Employee,Below 1yr,Lorry (41?100Q),Owner,,,Office areas,Undivided Two way,Tangent road with flat terrain,,Asphalt roads,Wet or damp,Darkness - lights lit,Raining,Vehicle with vehicle collision,2,1,Going straight,na,na,na,na,,,Not a Pedestrian,Changing lane to the right,Slight Injury
Monday,Over 51,Male,Elementary school,Employee,1-2yr,Other,Owner,Unknown,No defect,Residential areas,Undivided Two way,Tangent road with flat terrain,Y Shape,Asphalt roads,Wet or damp,Darkness - lights lit,Raining,Vehicle with vehicle collision,2,1,Going straight,na,na,na,na,Driver,Normal,Not a Pedestrian,Changing lane to the right,Serious Injury
Thursday,18-30,Male,Junior high school,Owner,5-10yr,Lorry (41?100Q),Governmental,Unknown,No defect, Church areas,Two-way (divided with broken lines road marking),Tangent road with flat terrain,Y Shape,Asphalt roads,Dry,Daylight,Normal,Vehicle with vehicle collision,2,1,,Driver or rider,Male,31-50,2,,,Not a Pedestrian,Changing lane to the right,Slight Injury
Thursday,Over 51,Male,Junior high school,Employee,2-5yr,Other,Owner,,No defect,Office areas,Undivided Two way,Tangent road with flat terrain,No junction,Asphalt roads,Dry,Daylight,Normal,Vehicle with vehicle collision,2,1,Going straight,na,na,na,na,Driver,Normal,Not a Pedestrian,No distancing,Slight Injury
Friday,Over 51,Male,Junior high school,Employee,5-10yr,Public (> 45 seats),Owner,Unknown,No defect,School areas,,Tangent road with flat terrain,Y Shape,Asphalt roads,Wet or damp,Darkness - lights lit,Cloudy,Collision with roadside objects,2,2,Going straight,Driver or rider,Male,Under 18,3,,Normal,Not a Pedestrian,Moving Backward,Slight Injury
Sunday,Unknown,Male,Junior high school,Employee,1-2yr,Automobile,Owner,5-10yrs,,Residential areas,Undivided Two way,Tangent road with flat terrain,,Asphalt roads,Dry,Daylight,Normal,Vehicle with vehicle collision,1,1,Reversing,Driver or rider,Male,18-30,3,Driver,Normal,Not a Pedestrian,Changing lane to the right,Serious Injury
Wednesday,18-30,Male,Junior high school,Employee,2-5yr,Pick up upto 10Q,Owner,,No defect,Other,Two-way (divided with broken lines road marking),Tangent road with flat terrain,No junction,Asphalt roads,Wet or damp,Daylight,Normal,Collision with roadside objects,3,2,Moving Backward,na,na,na,na,Employee,Normal,Not a Pedestrian,No priority to pedestrian,Serious Injury
Monday,31-50,Male,Junior high school,Employee,2-5yr,,Owner,2-5yrs,,Office areas,Double carriageway (median),Tangent road with flat terrain,Y Shape,Asphalt roads,Wet or damp,Daylight,Raining,Vehicle with vehicle collision,2,2,Moving Backward,Passenger,Female,Under 18,1,Driver,Normal,Not a Pedestrian,No distancing,Slight Injury
Saturday,Over 51,Male,Junior high school,Employee,5-10yr,Lorry (41?100Q),Owner,Above 10yr,No defect,Other,One way,Steep grade downward with mountainous terrain,Crossing,Asphalt roads,Wet or damp,Darkness - lights lit,Raining,Collision with roadside objects,2,2,Going straight,na,na,na,na,Other,Normal,Not a Pedestrian,No priority to vehicle,Slight Injury
Tuesday,Unknown,Male,Junior high school,Employee,1-2yr,Lorry (41?100Q),Owner,Unknown,,Office areas,Two-way (divided with broken lines road marking),Tangent road with mild grade and flat terrain,Crossing,Gravel roads,Dry,Darkness - lights lit,Normal,Vehicle with vehicle collision,1,1,Going straight,Driver or rider,Male,31-50,3,Driver,Normal,Not a Pedestrian,No priority to vehicle,Slight Injury
Friday,18-30,Male,Junior high school,Employee,1-2yr,Public (12 seats),Owner,,,  Recreational areas,Two-way (divided with broken lines road marking),Tangent road with flat terrain,Y Shape,Asphalt roads,Dry,Daylight,Normal,Vehicle with vehicle collision,2,1,Going straight,Driver or rider,Male,Over 51,3,Driver,Normal,Not a Pedestrian,Changing lane to the right,Slight Injury
Friday,18-30,Male,Junior high school,Employee,2-5yr,Lorry (41?100Q),Owner,5-10yrs,No defect,Other,other,Tangent road with flat terrain,Unknown,Asphalt roads,Dry,Daylight,Normal,Vehicle with vehicle collision,2,4,Going straight,Driver or rider,Male,31-50,3,Driver,Normal,Not a Pedestrian,Driving carelessly,Slight Injury
Sunday,31-50,Male,Junior high school,Employee,5-10yr,Pick up upto 10Q,Owner,2-5yrs,No defect,Office areas,Two-way (divided with broken lines road marking),Tangent road with mild grade and flat terrain,Y Shape,Asphalt roads,Dry,Darkness - lights lit,Normal,Collision with animals,2,1,Going straight,Driver or rider,Male,5,3,Driver,Normal,Not a Pedestrian,Driving carelessly,Slight Injury
Thursday,31-50,Male,Junior high school,Owner,5-10yr,Automobile,Governmental,5-10yrs,No defect,Other,Undivided Two way,Tangent road with flat terrain,No junction,Asphalt roads,Dry,Daylight,Normal,Vehicle with vehicle collision,2,3,Going straight,Passenger,Male,5,3,Driver,Normal,Not a Pedestrian,Changing lane to the right,Slight Injury
Saturday,18-30,Male,Junior high school,Owner,2-5yr,Taxi,Owner,5-10yrs,, Church areas,Two-way (divided with broken lines road marking),Tangent road with flat terrain,No junction,Asphalt roads,Dry,Darkness - lights lit,Normal,Collision with pedestrians,2,3,Going straight,na,na,na,na,Other,Normal,Not a Pedestrian,Driving carelessly,Fatal injury
Friday,18-30,Male,Junior high school,Employee,1-2yr,Other,Owner,Unknown,No defect,Other,Two-way (divided with broken lines road marking),Tangent road with flat terrain,Crossing,Asphalt roads,Wet or damp,Darkness - lights lit,Normal,Collision with roadside objects,2,2,Going straight,Pedestrian,Male,Over 51,3,,Normal,Not a Pedestrian,Moving Backward,Slight Injury
Wednesday,Over 51,Male,High school,Employee,1-2yr,Public (13?45 seats),Owner,,,Office areas,Undivided Two way,Tangent road with flat terrain,Y Shape,Asphalt roads,Dry,Daylight,Normal,Collision with pedestrians,1,2,Moving Backward,Driver or rider,Male,18-30,3,,Normal,Not a Pedestrian,Overtaking,Slight Injury
Wednesday,31-50,Male,Junior high school,Employee,2-5yr,Automobile,Organization,2-5yrs,,Other,Undivided Two way,Tangent road with flat terrain,Y Shape,Asphalt roads,Dry,Daylight,Normal,Collision with roadside objects,2,1,Other,Driver or rider,Male,Under 18,3,Self-employed,Normal,Not a Pedestrian,Driving carelessly,Slight Injury
Friday,Over 51,Male,,Unknown,,,Owner,,,Residential areas,other,Tangent road with flat terrain,Crossing,Asphalt roads,Dry,Darkness - lights lit,Normal,Collision with animals,2,2,Going straight,na,na,na,na,Driver,Normal,Not a Pedestrian,Driving carelessly,Slight Injury
Friday,18-30,Male,Elementary school,Employee,1-2yr,Automobile,Owner,Unknown,No defect,Residential areas,Undivided Two way,Tangent road with flat terrain,Y Shape,Asphalt roads,Dry,Daylight,Normal,Collision with pedestrians,2,1,Going straight,na,na,na,na,Driver,Normal,Not a Pedestrian,No distancing,Slight Injury