Day_of_week,Age_band_of_driver,Sex_of_driver,Educational_level,Vehicle_driver_relation,Driving_experience,Type_of_vehicle,Owner_of_vehicle,Service_year_of_vehicle,Defect_of_vehicle,Area_accident_occured,Lanes_or_Medians,Road_allignment,Types_of_Junction,Road_surface_type,Road_surface_conditions,Light_conditions,Weather_conditions,Type_of_collision,Number_of_vehicles_involved,Number_of_casualties,Vehicle_movement,Casualty_class,Sex_of_casualty,Age_band_of_casualty,Casualty_severity,Work_of_casuality,Fitness_of_casuality,Pedestrian_movement,Cause_of_accident,Accident_severity
Thursday,31-50,Male,Junior high school,Employee,Above 10yr,Lorry (41?100Q),Owner,2-5yrs,No defect, Industrial areas,Two-way (divided with broken lines road marking),Tangent road with flat terrain,Y Shape,Asphalt roads,Dry,Darkness - lights lit,Normal,Vehicle with vehicle collision,1,1,Going straight,Driver or rider,Male,18-30,3,Driver,Normal,Not a Pedestrian,Driving carelessly,Slight Injury
Tuesday,18-30,Male,High school,Employee,1-2yr,Other,Owner,Unknown,No defect,School areas,Double carriageway (median),Tangent road with flat terrain,,Asphalt roads,Wet or damp,Daylight,Raining,Vehicle with vehicle collision,2,2,Moving Backward,na,na,na,na,,,Not a Pedestrian,Changing lane to the left,Slight Injury
Monday,Unknown,Male,Junior high school,Employee,Below 1yr,Lorry (41?100Q),Owner,5-10yrs,No defect,Other,Double carriageway (median),Gentle horizontal curve,Y Shape,Asphalt roads,Wet or damp,Daylight,Normal,Vehicle with vehicle collision,2,1,Going straight,Driver or rider,Male,18-30,3,Driver,Normal,Not a Pedestrian,Changing lane to the right,Slight Injury
Friday,Unknown,Male,Junior high school,Employee,Above 10yr,Taxi,Owner,Unknown,No defect,Rural village areasOffice areas,other,Tangent road with flat terrain,No junction,Asphalt roads,Dry,Daylight,Normal,Vehicle with vehicle collision,2,1,Reversing,Driver or rider,Male,31-50,3,,,Not a Pedestrian,Overturning,Slight Injury
Thursday,18-30,Male,Junior high school,Employee,Below 1yr,Lorry (41?100Q),Owner,5-10yrs,,Residential areas,Undivided Two way,Tangent road with flat terrain,,Asphalt roads,Wet or damp,Daylight,Normal,Vehicle with vehicle collision,2,1,Going straight,Driver or rider,Male,18-30,3,,,Not a Pedestrian,Driving carelessly,Serious Injury
Sunday,Over 51,Male,,,,Automobile,Owner,Above 10yr,,Office areas,Undivided Two way,Tangent road with flat terrain,No junction,Asphalt roads,Dry,Daylight,Normal,Rollover,2,3,Going straight,na,na,na,na,,,Not a Pedestrian,Changing lane to the left,Slight Injury
Monday,31-50,Male,Junior high school,Employee,Above 10yr,Lorry (41?100Q),Owner,Unknown,No defect,Office areas,One way,Tangent road with flat terrain,Y Shape,Asphalt roads,Wet or damp,Daylight,Raining,Vehicle with vehicle collision,2,1,Going straight,na,na,na,na,,Normal,Not a Pedestrian,No priority to vehicle,Slight Injury
Tuesday,Under 18,Male,Junior high school,Owner,5-10yr,Automobile,Owner,Unknown,,Residential areas,other,Tangent road with flat terrain,No junction,Asphalt roads,Dry,Daylight,Normal,Vehicle with vehicle collision,2,2,Moving Backward,na,na,na,na,,Normal,Not a Pedestrian,No distancing,Slight Injury
Friday,31-50,Male,Elementary school,Owner,1-2yr,Stationwagen,Owner,2-5yrs,, Church areas,other,Tangent road with flat terrain,Crossing,Asphalt roads,Dry,Daylight,Normal,Vehicle with vehicle collision,2,1,Stopping,Driver or rider,Male,18-30,3,Driver,Normal,Not a Pedestrian,No priority to vehicle,Serious Injury
Sunday,Under 18,Male,Junior high school,Employee,2-5yr,Automobile,Owner,,No defect,Residential areas,Two-way (divided with solid lines road marking),Tangent road with flat terrain,Y Shape,Asphalt roads,Dry,Daylight,Normal,Collision with roadside-parked vehicles,2,4,Going straight,Pedestrian,Male,31-50,3,,,"In carriageway, statioNot a Pedestrianry - not crossing  (standing or playing)",Moving Backward,Slight Injury
Friday,Unknown,Female,Elementary school,Owner,Above 10yr,Lorry (41?100Q),Owner,Unknown,No defect,Other,Two-way (divided with broken lines road marking),Tangent road with flat terrain,Y Shape,Asphalt roads,Dry,Darkness - lights lit,Normal,Vehicle with vehicle collision,2,1,Going straight,Passenger,Male,Under 18,3,Driver,Normal,Not a Pedestrian,No priority to vehicle,Serious Injury
Friday,Unknown,Female,Junior high school,Employee,Below 1yr,Other,Owner,Unknown,No defect,Residential areas,Two-way (divided with broken lines road marking),Tangent road with flat terrain,Unknown,Asphalt roads,Dry,Darkness - lights lit,Normal,Vehicle with vehicle collision,1,1,Going straight,Driver or rider,Male,18-30,2,Driver,Normal,Not a Pedestrian,No distancing,Slight Injury
Wednesday,Unknown,Male,Junior high school,Employee,1-2yr,Pick up upto 10Q,Owner,Unknown,No defect,  Recreational areas,Undivided Two way,Steep grade downward with mountainous terrain,Crossing,Asphalt roads,Dry,Daylight,Normal,Vehicle with vehicle collision,2,1,Going straight,na,na,na,na,Driver,Normal,Not a Pedestrian,Changing lane to the left,Serious Injury
Thursday,Over 51,Male,Junior high school,Employee,Above 10yr,Public (12 seats),Governmental,Above 10yr,,Other,Double carriageway (median),Tangent road with flat terrain,No junction,Earth roads,Dry,Daylight,Normal,Collision with roadside objects,2,1,Other,Driver or rider,Male,18-30,3,Driver,Normal,Not a Pedestrian,Driving carelessly,Slight Injury
Friday,Unknown,Male,Junior high school,Owner,2-5yr,Automobile,Owner,Unknown,No defect,Residential areas,other,Tangent road with flat terrain,No junction,Asphalt roads,Dry,Daylight,Normal,Vehicle with vehicle collision,2,1,Going straight,Driver or rider,Male,18-30,3,,,Not a Pedestrian,Changing lane to the right,Serious Injury
Friday,31-50,Male,Junior high school,Owner,1-2yr,Automobile,Owner,5-10yrs,,Other,Two-way (divided with broken lines road marking),Tangent road with flat terrain,Other,Asphalt roads,Dry,Daylight,Normal,Vehicle with vehicle collision,2,1,Reversing,na,na,na,na,Self-employed,Normal,Not a Pedestrian,Overspeed,Slight Injury
Sunday,Under 18,Male,Elementary school,Employee,5-10yr,Lorry (41?100Q),Governmental,2-5yrs,,Other,other,Tangent road with flat terrain,Y Shape,Asphalt roads,Dry,Darkness - lights lit,Normal,Vehicle with vehicle collision,2,2,Going straight,na,na,na,na,Self-employed,Normal,Not a Pedestrian,Changing lane to the right,Slight Injury
Sunday,31-50,Male,Elementary school,Employee,,Taxi,Owner,2-5yrs,,School areas,Undivided Two way,Tangent road with mild grade and flat terrain,Other,Asphalt roads,Dry,Daylight,Normal,Vehicle with vehicle collision,2,1,Going straight,Passenger,Male,Over 51,3,Self-employed,Normal,Not a Pedestrian,No distancing,Serious Injury
Sunday,18-30,Male,Junior high school,Owner,2-5yr,Public (12 seats),Owner,,No defect,Other,Two-way (divided with broken lines road marking),Tangent road with flat terrain,No junction,Asphalt roads,Dry,Daylight,Normal,Vehicle with vehicle collision,2,5,Going straight,Driver or rider,Male,31-50,3,Driver,,Not a Pedestrian,Changing lane to the right,Fatal injury
Monday,Unknown,Male,Junior high school,Employee,Below 1yr,Public (13?45 seats),Owner,,,Office areas,Two-way (divided with broken lines road marking),Tangent road with flat terrain,No junction,Asphalt roads,Dry,Darkness - lights lit,Normal,Collision with roadside objects,2,1,Going straight,na,na,na,na,Driver,Normal,Not a Pedestrian,No priority to vehicle,Slight Injury
Saturday,Over 51,Male,Junior high school,Employee,1-2yr,Stationwagen,Owner,2-5yrs,,Other,Undivided Two way,Tangent road with flat terrain,Crossing,Asphalt roads,Dry,Daylight,Normal,Collision with pedestrians,2,1,Going straight,Driver or rider,Male,18-30,2,Employee,Normal,Not a Pedestrian,Changing lane to the left,Slight Injury
Tuesday,Unknown,Female,Junior high school,Employee,Below 1yr,Motorcycle,Owner,Unknown,No defect,Residential areas,Undivided Two way,Tangent road with flat terrain,No junction,Asphalt roads,Dry,Daylight,Normal,Vehicle with vehicle collision,2,1,Going straight,Driver or rider,Male,18-30,3,Driver,Normal,Not a Pedestrian,No distancing,Slight Injury
Wednesday,31-50,Male,High school,Owner,2-5yr,Lorry (11?40Q),Owner,2-5yrs,,Office areas,Two-way (divided with broken lines road marking),Tangent road with flat terrain,Y Shape,Asphalt roads,Dry,Daylight,Normal,Vehicle with vehicle collision,1,1,Going straight,Pedestrian,Male,Over 51,3,Self-employed,Normal,Not a Pedestrian,No distancing,Slight Injury
Wednesday,18-30,Male,Elementary school,Employee,5-10yr,Other,Owner,1-2yr,,Office areas,Undivided Two way,Tangent road with mountainous terrain and,Y Shape,Asphalt roads,Wet or damp,Darkness - lights lit,Raining,Collision with roadside objects,1,1,Going straight,na,na,na,na,Driver,Normal,Not a Pedestrian,Driving carelessly,Slight Injury
Monday,Over 51,Male,Junior high school,Employee,Above 10yr,Lorry (41?100Q),Owner,Unknown,No defect,Office areas,Undivided Two way,Tangent road with flat terrain,No junction,Asphalt roads,Wet or damp,Daylight,Normal,Collision with roadside objects,2,1,,Driver or rider,Male,18-30,3,Driver,Normal,Not a Pedestrian,No priority to pedestrian,Serious Injury
Wednesday,18-30,Male,Junior high school,Employee,2-5yr,Automobile,Owner,1-2yr,No defect,Office areas,Double carriageway (median),Tangent road with flat terrain,Y Shape,Asphalt roads,Dry,Daylight,Normal,Vehicle with vehicle collision,4,5,Going straight,na,na,na,na,,,Not a Pedestrian,Changing lane to the left,Slight Injury
Saturday,Unknown,Male,Junior high school,Owner,1-2yr,Long lorry,Owner,Above 10yr,No defect,Residential areas,Two-way (divided with broken lines road marking),Tangent road with flat terrain,No junction,Asphalt roads,Dry,Daylight,Normal,Rollover,3,5,Going straight,na,na,na,na,Unemployed,Normal,Not a Pedestrian,Driving carelessly,Serious Injury
Sunday,31-50,Male,Junior high school,Employee,2-5yr,Long lorry,Owner,,,Other,,Tangent road with flat terrain,Other,Asphalt roads,Dry,Daylight,Normal,Vehicle with vehicle collision,2,1,Moving Backward,na,na,na,na,Driver,Normal,Not a Pedestrian,Changing lane to the left,Slight Injury
Thursday,18-30,Male,Junior high school,Employee,Above 10yr,Stationwagen,Owner,,No defect,Office areas,Two-way (divided with broken lines road marking),Tangent road with mild grade and flat terrain,No junction,Asphalt roads,Dry,Daylight,Normal,Vehicle with vehicle collision,4,5,Going straight,na,na,na,na,Driver,Normal,Not a Pedestrian,Changing lane to the left,Slight Injury
Saturday,Over 51,Male,Junior high school,Employee,2-5yr,Stationwagen,Owner,,No defect,Office areas,Two-way (divided with broken lines road marking),Tangent road with mild grade and flat terrain,Crossing,Asphalt roads,Dry,Darkness - lights lit,Normal,Collision with pedestrians,1,1,Going straight,na,na,na,na,Driver,Normal,Not a Pedestrian,Changing lane to the left,Serious Injury
Saturday,18-30,Male,Junior high school,Employee,5-10yr,Automobile,Owner,Unknown,,Other,other,Tangent road with flat terrain,Crossing,Asphalt roads,Wet or damp,Darkness - lights lit,Raining,Vehicle with vehicle collision,2,1,Going straight,Pedestrian,Female,18-30,3,Self-employed,Normal,Not a Pedestrian,Moving Backward,Slight Injury
Saturday,31-50,Male,Junior high school,Employee,Above 10yr,Automobile,Owner,2-5yrs,No defect,  Market areas,Undivided Two way,Tangent road with flat terrain,Crossing,Gravel roads,Dry,Daylight,Normal,Collision with roadside objects,2,1,Going straight,Driver or rider,Female,18-30,3,Driver,Normal,Not a Pedestrian,No priority to vehicle,Slight Injury
Tuesday,Over 51,Male,Junior high school,Employee,Above 10yr,,Owner,,No defect,Residential areas,Undivided Two way,Tangent road with flat terrain,No junction,Asphalt roads,Dry,Daylight,Normal,Vehicle with vehicle collision,1,1,Going straight,Pedestrian,Male,18-30,3,Driver,Normal,Unknown or other,No distancing,Slight Injury
Wednesday,Unknown,Male,Junior high school,Employee,2-5yr,Public (13?45 seats),Owner,,,,other,Tangent road with flat terrain,Y Shape,Asphalt roads,Wet or damp,Daylight,Raining,Vehicle with vehicle collision,1,1,Moving Backward,Driver or rider,Male,31-50,3,,,Not a Pedestrian,No priority to vehicle,Slight Injury
Wednesday,18-30,Male,High school,Employee,Above 10yr,Lorry (41?100Q),Owner,,,Other,Two-way (divided with broken lines road marking),Tangent road with flat terrain,Y Shape,Asphalt roads,Dry,Daylight,Normal,Vehicle with vehicle collision,1,1,Going straight,Driver or rider,Male,Over 51,3,Driver,Normal,Not a Pedestrian,No distancing,Slight Injury
Monday,18-30,Male,High school,Employee,2-5yr,Automobile,Governmental,Above 10yr,No defect,School areas,Two-way (divided with broken lines road marking),Tangent road with flat terrain,Y Shape,Asphalt roads,Dry,Daylight,Normal,Vehicle with vehicle collision,2,1,Reversing,Pedestrian,Female,18-30,3,,Normal,"Walking along in carriageway, back to traffic",Overloading,Slight Injury
Friday,31-50,Male,Junior high school,Employee,1-2yr,Public (> 45 seats),Owner,1-2yr,No defect,Residential areas,Undivided Two way,Tangent road with flat terrain,Y Shape,Asphalt roads,Dry,Daylight,Unknown,Vehicle with vehicle collision,1,1,Going straight,na,na,na,na,Self-employed,Normal,Not a Pedestrian,Driving carelessly,Serious Injury
Tuesday,Over 51,Male,Writing & reading,Owner,5-10yr,Lorry (11?40Q),Governmental,Unknown,,Office areas,One way,Tangent road with flat terrain,No junction,Gravel roads,Dry,Daylight,Normal,Vehicle with vehicle collision,3,1,Going straight,Passenger,Male,18-30,3,Driver,Normal,Not a Pedestrian,Changing lane to the left,Slight Injury
Thursday,18-30,Male,Junior high school,Employee,5-10yr,Lorry (41?100Q),Owner,,,Office areas,Undivided Two way,Tangent road with flat terrain,No junction,Asphalt roads,Dry,Daylight,Normal,Vehicle with vehicle collision,2,2,Going straight,na,na,na,na,Other,Normal,Not a Pedestrian,No distancing,Slight Injury
Thursday,31-50,Male,Junior high school,Owner,Above 10yr,Automobile,Governmental,Unknown,,Other,Double carriageway (median),Tangent road with flat terrain,Y Shape,Asphalt roads,Dry,Daylight,Normal,Vehicle with vehicle collision,2,1,Going straight,Passenger,Female,Over 51,3,,,Not a Pedestrian,Changing lane to the right,Slight Injury
Thursday,18-30,Male,Junior high school,Employee,2-5yr,Public (12 seats),Owner,,,Office areas,Two-way (divided with broken lines road marking),Tangent road with flat terrain,Crossing,Asphalt roads,Dry,Daylight,Normal,Collision with roadside objects,2,1,Turnover,Driver or rider,Male,18-30,3,Driver,Normal,Not a Pedestrian,Moving Backward,Serious Injury
Tuesday,18-30,Male,Junior high school,Employee,1-2yr,Lorry (41?100Q),Owner,2-5yrs,No defect,Rural village areas,Undivided Two way,Gentle horizontal curve,No junction,Asphalt roads,Dry,Daylight,Normal,Vehicle with vehicle collision,2,1,Going straight,Passenger,Female,18-30,3,,,Not a Pedestrian,Overloading,Slight Injury
Tuesday,Unknown,Male,Junior high school,Employee,2-5yr,Public (> 45 seats),Owner,Unknown,No defect,School areas,Undivided Two way,Tangent road with flat terrain,No junction,Asphalt roads,Wet or damp,Daylight,Raining,Vehicle with vehicle collision,3,1,Waiting to go,Driver or rider,Male,31-50,3,Driver,Normal,Not a Pedestrian,Changing lane to the right,Slight Injury
Monday,Unknown,Female,Junior high school,Employee,1-2yr,Lorry (41?100Q),Owner,Unknown,,Other,Undivided Two way,Tangent road with flat terrain,Y Shape,Asphalt roads,Wet or damp,Daylight,Raining,Vehicle with vehicle collision,2,1,Going straight,na,na,na,na,Self-employed,Normal,Not a Pedestrian,Getting off the vehicle improperly,Slight Injury
Wednesday,Over 51,Male,Junior high school,Employee,5-10yr,Pick up upto 10Q,Owner,,,Office areas,Two-way (divided with broken lines road marking),Tangent road with flat terrain,Crossing,Asphalt roads,Dry,Daylight,Normal,Vehicle with vehicle collision,2,1,Going straight,Driver or rider,Female,31-50,3,Self-employed,Normal,Not a Pedestrian,No priority to vehicle,Slight Injury
Wednesday,Over 51,Male,Elementary school,Employee,5-10yr,Stationwagen,Owner,5-10yrs,No defect,Other,Two-way (divided with broken lines road marking),Tangent road with flat terrain,,Asphalt roads,Dry,Daylight,Normal,Vehicle with vehicle collision,2,1,Going straight,Driver or rider,Female,5,3,,Normal,Not a Pedestrian,Driving carelessly,Slight Injury
Wednesday,Under 18,Male,High school,Owner,Below 1yr,Other,Owner,2-5yrs,,Office areas,One way,Steep grade downward with mountainous terrain,,Asphalt roads,Dry,Daylight,Normal,Collision with roadside objects,3,1,Going straight,Pedestrian,Female,18-30,3,,,Not a Pedestrian,Changing lane to the left,Slight Injury
Tuesday,Over 51,Male,Junior high school,Owner,5-10yr,Pick up upto 10Q,Owner,Unknown,, Church areas,Two-way (divided with broken lines road marking),Tangent road with flat terrain,Other,Earth roads,Wet or damp,Daylight,Normal,Vehicle with vehicle collision,2,1,Going straight,Driver or rider,Male,18-30,3,,,Not a Pedestrian,Changing lane to the right,Slight Injury
Thursday,31-50,Male,Junior high school,Owner,2-5yr,,Owner,2-5yrs,, Industrial areas,One way,,,Asphalt roads,Dry,Daylight,Normal,Vehicle with vehicle collision,1,1,Other,na,na,na,na,,,Not a Pedestrian,Getting off the vehicle improperly,Serious Injury
Tuesday,Over 51,Male,Junior high school,Employee,2-5yr,Public (12 seats),Owner,,,Office areas,Two-way (divided with broken lines road marking),Tangent road with mild grade and flat terrain,Other,Asphalt roads,Dry,Daylight,Normal,Vehicle with vehicle collision,1,1,Going straight,Driver or rider,Male,18-30,3,,Normal,Not a Pedestrian,Changing lane to the left,Serious Injury
Tuesday,31-50,Female,,,,Public (12 seats),Owner,Unknown,, Industrial areas,Two-way (divided with broken lines road marking),Tangent road with flat terrain,Crossing,Asphalt roads,Dry,Darkness - lights lit,Normal,Collision with roadside objects,2,2,Other,na,na,na,na,Driver,Normal,Not a Pedestrian,Overturning,Slight Injury
Wednesday,18-30,Male,Junior high school,Employee,5-10yr,Lorry (11?40Q),Owner,5-10yrs,7,,Two-way (divided with broken lines road marking),Tangent road with flat terrain,Y Shape,Asphalt roads,Dry,Daylight,Normal,Vehicle with vehicle collision,2,1,Going straight,na,na,na,na,Driver,Normal,Not a Pedestrian,No distancing,Slight Injury
Friday,31-50,Male,Junior high school,Employee,2-5yr,Lorry (11?40Q),Governmental,Above 10yr,,Other,Double carriageway (median),Tangent road with flat terrain,Crossing,Asphalt roads,Dry,Darkness - lights lit,Normal,Collision with pedestrians,2,1,Going straight,Driver or rider,Male,18-30,3,Driver,Normal,Not a Pedestrian,Overspeed,Slight Injury
Saturday,Over 51,Male,Junior high school,Owner,2-5yr,,Owner,Unknown,,Residential areas,Two-way (divided with broken lines road marking),Tangent road with flat terrain,,Asphalt roads,Dry,Daylight,Normal,Vehicle with vehicle collision,2,3,Going straight,Driver or rider,Male,18-30,3,,Normal,Not a Pedestrian,Changing lane to the right,Slight Injury
Sunday,Under 18,Male,High school,Owner,1-2yr,Taxi,Owner,,No defect,Office areas,Two-way (divided with broken lines road marking),Tangent road with flat terrain,No junction,Asphalt roads,Dry,Daylight,Normal,Rollover,2,4,Going straight,na,na,na,na,Driver,Normal,Not a Pedestrian,Changing lane to the right,Slight Injury
Thursday,18-30,Male,Junior high school,Employee,5-10yr,Automobile,Owner,,No defect, Church areas,Undivided Two way,Tangent road with flat terrain,Crossing,Asphalt roads,Wet or damp,Darkness - lights lit,Raining,Vehicle with vehicle collision,2,2,Going straight,Pedestrian,Female,31-50,3,,,Crossing from driver's nearside,Changing lane to the left,Slight Injury
Monday,18-30,Male,Junior high school,Employee,5-10yr,Automobile,Owner,Above 10yr,No defect,Residential areas,other,Tangent road with flat terrain,No junction,Asphalt roads,Dry,Daylight,Normal,Vehicle with vehicle collision,2,2,Going straight,Passenger,Female,Over 51,3,Driver,Normal,Not a Pedestrian,No distancing,Slight Injury
Monday,Unknown,Male,Junior high school,Owner,5-10yr,Lorry (11?40Q),Owner,,,School areas,Two-way (divided with broken lines road marking),Tangent road with flat terrain,Crossing,,Dry,Daylight,Normal,Collision with roadside objects,2,1,Going straight,na,na,na,na,,,Not a Pedestrian,No distancing,Slight Injury
Monday,18-30,Male,High school,Owner,5-10yr,Long lorry,Owner,,No defect,Other,Two-way (divided with broken lines road marking),Tangent road with flat terrain,T Shape,Asphalt roads,Dry,Daylight,Normal,Vehicle with vehicle collision,2,1,Going straight,Driver or rider,Male,31-50,3,Self-employed,Normal,Not a Pedestrian,Changing lane to the right,Slight Injury
Monday,Unknown,Female,Elementary school,Employee,5-10yr,Other,Owner,Below 1yr,,Office areas,Two-way (divided with broken lines road marking),Tangent road with flat terrain,Y Shape,Asphalt roads,Dry,Darkness - lights lit,Normal,Collision with roadside objects,4,1,Going straight,na,na,na,na,Driver,Normal,Not a Pedestrian,Overtaking,Slight Injury
Thursday,Unknown,Female,Junior high school,Employee,1-2yr,Lorry (41?100Q),Owner,2-5yrs,No defect,Residential areas,Undivided Two way,Gentle horizontal curve,No junction,Asphalt roads,Wet or damp,Darkness - lights lit,Raining,Vehicle with vehicle collision,2,1,Going straight,na,na,na,na,Driver,Normal,Not a Pedestrian,No priority to pedestrian,Slight Injury
Friday,31-50,Male,Junior high school,Employee,unknown,Other,Owner,,,Office areas,Undivided Two way,Tangent road with flat terrain,Y Shape,Asphalt roads,Dry,Daylight,Normal,Vehicle with vehicle collision,2,3,Going straight,Driver or rider,Female,Over 51,3,Driver,Normal,Not a Pedestrian,Driving at high speed,Slight Injury
Friday,18-30,Male,Elementary school,Employee,5-10yr,Pick up upto 10Q,Owner,2-5yrs,No defect,Other,Double carriageway (median),Tangent road with mild grade and flat terrain,Y Shape,Asphalt roads,Dry,Daylight,Normal,Collision with animals,2,1,Going straight,na,na,na,na,Driver,,Not a Pedestrian,No priority to vehicle,Slight Injury
Wednesday,Under 18,Male,Junior high school,Employee,,Lorry (11?40Q),Owner,,No defect,Office areas,Undivided Two way,Tangent road with flat terrain,No junction,Asphalt roads,Dry,Daylight,Normal,Vehicle with vehicle collision,4,2,Going straight,Driver or rider,Male,31-50,3,Other,Normal,Not a Pedestrian,Driving at high speed,Slight Injury
Friday,31-50,Male,Junior high school,Employee,Below 1yr,Public (> 45 seats),Owner,5-10yrs,No defect,Other,Undivided Two way,Tangent road with flat terrain,Crossing,Asphalt roads,Wet or damp,Darkness - lights lit,Raining,Vehicle with vehicle collision,1,1,Reversing,na,na,na,na,Driver,,Not a Pedestrian,No priority to pedestrian,Slight Injury
Wednesday,Under 18,Male,Junior high school,Employee,5-10yr,Bajaj,Owner,5-10yrs,7,,Two-way (divided with broken lines road marking),Tangent road with flat terrain,Other,Asphalt roads,Dry,Daylight,Normal,Vehicle with vehicle collision,2,1,Going straight,na,na,na,na,Other,Normal,Not a Pedestrian,Other,Slight Injury
Monday,Unknown,Male,Junior high school,Owner,5-10yr,Public (12 seats),Owner,Above 10yr,No defect,Office areas,Two-way (divided with broken lines road marking),Tangent road with flat terrain,Y Shape,Asphalt roads,Wet or damp,Darkness - lights lit,Normal,Vehicle with vehicle collision,1,1,Getting off,na,na,na,na,Driver,Normal,Not a Pedestrian,Moving Backward,Slight Injury
Monday,18-30,Male,Junior high school,Owner,5-10yr,Taxi,Owner,2-5yrs,, Church areas,other,Tangent road with flat terrain,No junction,Asphalt roads,Dry,Daylight,Normal,Vehicle with vehicle collision,2,1,Going straight,Pedestrian,Male,Under 18,3,Self-employed,Normal,"In carriageway, statioNot a Pedestrianry - not crossing  (standing or playing)",No distancing,Slight Injury
Wednesday,31-50,Male,High school,Owner,5-10yr,Lorry (41?100Q),Owner,Unknown,No defect,Residential areas,Two-way (divided with broken lines road marking),Tangent road with flat terrain,Crossing,Asphalt roads,Wet or damp,Daylight,Raining,Vehicle with vehicle collision,2,1,Going straight,Passenger,Male,Under 18,3,Other,Normal,Not a Pedestrian,Getting off the vehicle improperly,Slight Injury
Sunday,Over 51,Male,High school,Employee,Below 1yr,Automobile,Owner,Unknown,,Office areas,Undivided Two way,Tangent road with flat terrain,Y Shape,Asphalt roads,Dry,Daylight,Normal,Vehicle with vehicle collision,1,1,Going straight,na,na,na,na,Employee,Normal,Not a Pedestrian,No distancing,Slight Injury
Wednesday,Under 18,Male,Junior high school,Employee,5-10yr,Public (13?45 seats),Governmental,,No defect,Other,Undivided Two way,Tangent road with flat terrain,Y Shape,Asphalt roads,Dry,Daylight,Normal,Vehicle with vehicle collision,2,2,Moving Backward,Driver or rider,Male,31-50,3,Self-employed,Normal,Not a Pedestrian,No priority to vehicle,Serious Injury
Tuesday,31-50,Male,Elementary school,Employee,5-10yr,Automobile,Owner,,No defect,  Recreational areas,One way,Tangent road with flat terrain,No junction,Asphalt roads,Dry,Darkness - lights lit,Normal,Vehicle with vehicle collision,3,2,Unknown,Pedestrian,Female,31-50,3,Driver,Normal,Unknown or other,Changing lane to the left,Slight Injury
Wednesday,31-50,Female,Elementary school,Owner,5-10yr,Lorry (41?100Q),Owner,2-5yrs,No defect,Office areas,Double carriageway (median),Tangent road with flat terrain,,Asphalt roads,Dry,Daylight,Normal,Vehicle with vehicle collision,2,1,Going straight,na,na,na,na,,Normal,Not a Pedestrian,Driving carelessly,Slight Injury
Wednesday,18-30,Male,Above high school,Employee,Above 10yr,Lorry (41?100Q),Owner,Above 10yr,No defect, Church areas,Two-way (divided with broken lines road marking),Steep grade downward with mountainous terrain,Y Shape,Asphalt roads,Dry,Daylight,Normal,Vehicle with vehicle collision,3,3,Going straight,Pedestrian,Female,18-30,3,Student,Normal,Not a Pedestrian,Driving carelessly,Slight Injury
Monday,31-50,Male,Elementary school,Owner,Below 1yr,Taxi,Governmental,Below 1yr,No defect,Residential areas,Undivided Two way,Tangent road with flat terrain,No junction,Asphalt roads,Dry,Daylight,Normal,Collision with roadside objects,2,1,Reversing,na,na,na,na,,,Not a Pedestrian,Overtaking,Serious Injury
Tuesday,31-50,Male,Junior high school,Employee,2-5yr,Public (13?45 seats),Owner,,,Office areas,Two-way (divided with broken lines road marking),Tangent road with flat terrain,No junction,Asphalt roads,Dry,Daylight,Normal,Vehicle with vehicle collision,1,1,Going straight,na,na,na,na,Driver,Normal,Not a Pedestrian,No priority to pedestrian,Slight Injury
Tuesday,31-50,Male,Junior high school,Employee,1-2yr,Automobile,Owner,Unknown,No defect,Office areas,other,Tangent road with flat terrain,Y Shape,Asphalt roads,Wet or damp,Daylight,Raining,Vehicle with vehicle collision,1,1,Turnover,na,na,na,na,Employee,Normal,Not a Pedestrian,No priority to vehicle,Slight Injury
Wednesday,Over 51,Male,Junior high school,Employee,2-5yr,Automobile,Owner,5-10yrs,No defect,Other,One way,Tangent road with flat terrain,Y Shape,Asphalt roads,Wet or damp,Darkness - no lighting,Raining,Vehicle with vehicle collision,1,1,Going straight,Driver or rider,Female,31-50,3,,Normal,Not a Pedestrian,Overtaking,Serious Injury
Tuesday,Unknown,Male,High school,Owner,5-10yr,Public (> 45 seats),Owner,Above 10yr,No defect,Other,Two-way (divided with broken lines road marking),Tangent road with flat terrain,Y Shape,Asphalt roads,Dry,Daylight,Normal,Collision with roadside objects,2,1,Going straight,Pedestrian,Female,31-50,3,Driver,Normal,Not a Pedestrian,Changing lane to the right,Slight Injury
Monday,18-30,Male,Elementary school,Employee,1-2yr,Public (> 45 seats),Owner,2-5yrs,No defect,Residential areas,Two-way (divided with broken lines road marking),Gentle horizontal curve,Y Shape,Asphalt roads,Wet or damp,Darkness - lights lit,Normal,Vehicle with vehicle collision,2,2,Getting off,Driver or rider,Male,18-30,3,,,Not a Pedestrian,Driving carelessly,Slight Injury
Sunday,Over 51,Male,Junior high school,Owner,Above 10yr,Automobile,Owner,Above 10yr,No defect,Office areas,other,Tangent road with flat terrain,No junction,,Dry,Darkness - lights lit,Normal,Vehicle with vehicle collision,3,4,Going straight,na,na,na,na,Driver,Normal,Not a Pedestrian,Driving at high speed,Slight Injury
Tuesday,Under 18,Male,Junior high school,Employee,2-5yr,Automobile,Owner,5-10yrs,, Church areas,other,Tangent road with flat terrain,Y Shape,Earth roads,Dry,Daylight,Normal,Vehicle with vehicle collision,2,1,Going straight,Driver or rider,Male,Under 18,3,,,Not a Pedestrian,Changing lane to the right,Slight Injury